"scientific_name","datetime","description","place_guess","latitude","longitude","tag_list","common_name","url","image_url","user_login","id","species_guess","iconic_taxon_name","taxon_id","id_please","num_identification_agreements","num_identification_disagreements","observed_on_string","observed_on","time_observed_at","time_zone","positional_accuracy","private_place_guess","geoprivacy","coordinates_obscured","positioning_method","positioning_device","out_of_range","user_id","created_at","updated_at","quality_grade","license","sound_url","oauth_application_id","captive_cultivated"
"Fraxinus velutina","2018-09-06 11:24:00 -0700","","Cochise County, AZ, USA",31.8988516667,-109.1622066667,"","velvet ash","https://www.inaturalist.org/observations/16472769","https://static.inaturalist.org/photos/24788882/medium.jpg?1536796912","dpom",16472769,"velvet ash","Plantae",64132,"false",1,0,"2018/09/06 11:24 AM PDT","2018-09-06","2018-09-06 18:24:00 UTC","Pacific Time (US & Canada)",NA,NA,NA,"false","","",NA,16101,"2018-09-13 00:06:31 UTC","2018-09-13 05:36:26 UTC","research","CC-BY-NC",NA,NA,"false"
"Fraxinus velutina","2018-09-07 08:16:00 -0600","","Yavapai County, AZ, USA",34.7275233611,-111.7755918056,"","velvet ash","https://www.inaturalist.org/observations/16468387","https://static.inaturalist.org/photos/24780738/medium.jpg?1536788770","natj15",16468387,"velvet ash","Plantae",64132,"false",1,0,"2018/09/07 8:16 AM MST","2018-09-07","2018-09-07 14:16:00 UTC","Mountain Time (US & Canada)",NA,NA,NA,"false","","",NA,586370,"2018-09-12 21:52:58 UTC","2018-09-15 06:50:03 UTC","research","CC-BY-NC",NA,NA,"false"
"Fraxinus velutina","2018-09-08 16:30:34 -0600","","Coronado National Forest, Safford, AZ, US",32.667555,-109.7970966667,"","velvet ash","https://www.inaturalist.org/observations/16339781","https://static.inaturalist.org/photos/24556420/medium.jpg?1536455211","mccreedy",16339781,"velvet ash","Plantae",64132,"false",1,0,"Sat Sep 08 2018 16:30:34 GMT-0700 (MST)","2018-09-08","2018-09-08 22:30:34 UTC","Mountain Time (US & Canada)",5,NA,NA,"false","","",NA,758510,"2018-09-09 01:06:00 UTC","2018-09-09 01:31:54 UTC","research","",NA,3,"false"
"Fraxinus velutina","2017-05-17 12:51:00 -0500","","Arizpe, Son., México",30.5762431396,-110.2229993729,"","velvet ash","https://www.inaturalist.org/observations/16325646","https://static.inaturalist.org/photos/24526977/medium.jpeg?1536428370","najera",16325646,"Fraxinus velutina","Plantae",64132,"false",1,0,"2017/05/17 12:51 PM CDT","2017-05-17","2017-05-17 17:51:00 UTC","Central Time (US & Canada)",357,NA,NA,"false","","",NA,17401,"2018-09-08 18:04:50 UTC","2018-09-09 06:56:25 UTC","research","CC-BY-NC-SA",NA,NA,"false"
"Fraxinus velutina","2018-08-26 14:52:17 -0700","","Twentynine Palms, CA 92277, USA",34.0771064758,-116.1453323364,"","velvet ash","https://www.inaturalist.org/observations/15927034","https://static.inaturalist.org/photos/23826376/medium.jpeg?1535324757","wildgifts",15927034,"velvet ash","Plantae",64132,"false",1,0,"2018-08-26 2:52:17 PM PDT","2018-08-26","2018-08-26 21:52:17 UTC","Pacific Time (US & Canada)",NA,NA,NA,"false","gps","gps",NA,798366,"2018-08-26 23:05:52 UTC","2018-08-31 20:41:22 UTC","research","CC-BY-NC",NA,2,"false"
"Fraxinus velutina","2018-08-22 07:51:49 -0600","","Coronado National Forest, Tucson, AZ, US",32.3146083333,-110.8111716667,"","velvet ash","https://www.inaturalist.org/observations/15799491","https://static.inaturalist.org/photos/23613422/medium.jpg?1534987045","mmnat",15799491,"velvet ash","Plantae",64132,"false",1,0,"Wed Aug 22 2018 07:51:49 GMT-0700 (MST)","2018-08-22","2018-08-22 13:51:49 UTC","Mountain Time (US & Canada)",5,NA,NA,"false","","",NA,11480,"2018-08-23 01:17:24 UTC","2018-08-23 14:32:02 UTC","research","",NA,3,"false"
"Fraxinus velutina","2018-08-14 14:14:09 -0600","","Zion National Park, Springdale, UT, US",37.270875,-112.9382783333,"","velvet ash","https://www.inaturalist.org/observations/15641834","https://static.inaturalist.org/photos/23369643/medium.jpg?1534626429","rynaturalist",15641834,"velvet ash","Plantae",64132,"false",2,0,"Tue Aug 14 2018 14:14:09 GMT-0600 (MDT)","2018-08-14","2018-08-14 20:14:09 UTC","Mountain Time (US & Canada)",32,NA,NA,"false","","",NA,340222,"2018-08-18 21:07:05 UTC","2018-09-05 21:25:33 UTC","research","CC-BY-NC",NA,3,"false"
"Fraxinus velutina","2018-08-12 10:01:00 -0600","","Sycamore Canyon Wilderness, AZ, USA",34.87219,-112.0695883333,"Arizona, Yavapai Co., Sycamore Wilderness","velvet ash","https://www.inaturalist.org/observations/15621428","https://static.inaturalist.org/photos/23348700/medium.jpeg?1534606750","mjplagens",15621428,"velvet ash","Plantae",64132,"false",1,0,"2018/08/12 10:01 AM MST","2018-08-12","2018-08-12 16:01:00 UTC","Mountain Time (US & Canada)",NA,NA,NA,"false","","",NA,375489,"2018-08-18 15:40:20 UTC","2018-08-18 16:48:56 UTC","research","CC-BY-NC",NA,NA,"false"
"Fraxinus velutina","2018-08-06 09:40:00 -0700","The deciduous tree was massive, and it had many smooth, silvery branches. The serrated, compound leaves had triangular ends, and the winged seed pods were also hanging in large clusters. These were common in the savanna-like Riparian Forest.","Washington County, UT, USA",37.2854944407,-112.9479730137,"","velvet ash","https://www.inaturalist.org/observations/15403461","https://static.inaturalist.org/photos/23043792/medium.jpeg?1534130137","diego4nature",15403461,"velvet ash","Plantae",64132,"false",2,0,"2018/08/06 9:40 AM PDT","2018-08-06","2018-08-06 16:40:00 UTC","Pacific Time (US & Canada)",1,NA,NA,"false","","",NA,427782,"2018-08-13 23:12:57 UTC","2018-09-18 17:43:34 UTC","research","CC-BY-NC",NA,NA,"false"
"Fraxinus velutina","2018-08-06 09:36:00 -0700","The deciduous tree was very tall, and it had many smooth, silvery branches. The serrated, compound leaves had triangular ends, and the winged seed pods were also hanging in clusters. These were common in the savanna-like Riparian Forest.","Washington County, UT, USA",37.285223241,-112.9473314523,"","velvet ash","https://www.inaturalist.org/observations/15403458","https://static.inaturalist.org/photos/23043439/medium.jpeg?1534129784","diego4nature",15403458,"velvet ash","Plantae",64132,"false",1,0,"2018/08/06 9:36 AM PDT","2018-08-06","2018-08-06 16:36:00 UTC","Pacific Time (US & Canada)",2,NA,NA,"false","","",NA,427782,"2018-08-13 23:12:55 UTC","2018-09-10 17:02:03 UTC","research","CC-BY-NC",NA,NA,"false"
"Fraxinus velutina","2018-08-10 12:04:00 -0600","","Seven Springs, AZ, USA",33.9691533333,-111.8658066667,"Oleaceae, Tonto NF","velvet ash","https://www.inaturalist.org/observations/15377205","https://static.inaturalist.org/photos/23042877/medium.jpg?1534129195","stevejones",15377205,"velvet ash","Plantae",64132,"false",1,0,"2018/08/10 12:04 PM MST","2018-08-10","2018-08-10 18:04:00 UTC","Mountain Time (US & Canada)",NA,NA,NA,"false","","",NA,168545,"2018-08-13 03:04:05 UTC","2018-08-13 03:10:07 UTC","research","CC-BY-NC",NA,NA,"false"
"Fraxinus velutina","2018-08-06 13:18:00 -0700","The deciduous tree wasn't very tall, and it had many smooth, silvery branches. The serrated, compound leaves had triangular ends, and the winged seed pods were also hanging in clusters. These were common in the Riparian Forest.","Washington County, UT, USA",37.2522547878,-112.9587098526,"","velvet ash","https://www.inaturalist.org/observations/15358658","https://static.inaturalist.org/photos/23005271/medium.jpeg?1534095023","diego4nature",15358658,"velvet ash","Plantae",64132,"false",1,0,"2018/08/06 1:18 PM PDT","2018-08-06","2018-08-06 20:18:00 UTC","Pacific Time (US & Canada)",4,NA,NA,"false","","",NA,427782,"2018-08-12 18:58:51 UTC","2018-08-12 20:35:12 UTC","research","CC-BY-NC",NA,NA,"false"
"Fraxinus velutina","2018-08-05 18:50:00 -0700","The deciduous tree wasn't very tall, and it had many smooth, silvery branches. The serrated, compound leaves had triangular ends, and the winged seed pods were also hanging in clusters. These were common in the Riparian Forest, which was turning dark as the sun was setting behind the huge, marvelous canyon walls.","Springdale, UT, USA",37.1997165611,-112.987964981,"","velvet ash","https://www.inaturalist.org/observations/15302597","https://static.inaturalist.org/photos/22898001/medium.jpeg?1533928906","diego4nature",15302597,"velvet ash","Plantae",64132,"false",1,0,"2018/08/05 6:50 PM PDT","2018-08-05","2018-08-06 01:50:00 UTC","Pacific Time (US & Canada)",1,NA,NA,"false","","",NA,427782,"2018-08-10 22:41:14 UTC","2018-08-11 03:41:55 UTC","research","CC-BY-NC",NA,NA,"false"
"Fraxinus velutina","2018-08-05 18:33:00 -0700","The deciduous tree wasn't very tall, and it had many smooth, silvery branches. The serrated, compound leaves had triangular ends, and the winged seed pods were also hanging in clusters. These were common in the Riparian Forest nearby the Virgin River.","Springdale, UT, USA",37.2002870824,-112.9871414341,"","velvet ash","https://www.inaturalist.org/observations/15302575","https://static.inaturalist.org/photos/22896804/medium.jpeg?1533927442","diego4nature",15302575,"velvet ash","Plantae",64132,"false",1,0,"2018/08/05 6:33 PM PDT","2018-08-05","2018-08-06 01:33:00 UTC","Pacific Time (US & Canada)",1,NA,NA,"false","","",NA,427782,"2018-08-10 22:41:00 UTC","2018-08-11 03:45:10 UTC","research","CC-BY-NC",NA,NA,"false"
"Fraxinus velutina","2018-08-05 12:35:00 -0700","The deciduous tree wasn't very tall, and it had many smooth, silvery branches. The serrated, compound leaves had triangular ends, and the winged seed pods were also hanging in clusters. These were common in the Riparian Forest corridor.","Clark County, NV, USA",36.1249237223,-115.4777707822,"","velvet ash","https://www.inaturalist.org/observations/15281176","https://static.inaturalist.org/photos/22867983/medium.jpeg?1533868068","diego4nature",15281176,"velvet ash","Plantae",64132,"false",1,0,"2018/08/05 12:35 PM PDT","2018-08-05","2018-08-05 19:35:00 UTC","Pacific Time (US & Canada)",2,NA,NA,"false","","",NA,427782,"2018-08-10 04:11:27 UTC","2018-08-10 23:10:53 UTC","research","CC-BY-NC",NA,NA,"false"
"Fraxinus velutina","2018-07-04 17:26:00 -0700","","San Diego County, CA, USA",33.2664419294,-116.6337844816,"","velvet ash","https://www.inaturalist.org/observations/15270803","https://static.inaturalist.org/photos/22852280/medium.jpeg?1533845934","ekoberle",15270803,"velvet ash","Plantae",64132,"false",1,0,"2018/07/04 5:26 PM PDT","2018-07-04","2018-07-05 00:26:00 UTC","Pacific Time (US & Canada)",13,NA,NA,"false","","",NA,172086,"2018-08-09 20:33:44 UTC","2018-08-12 22:23:11 UTC","research","",NA,NA,"false"
"Fraxinus velutina","2018-07-30 10:07:00 -0700","","Santa Cruz County, AZ, USA",31.7214270635,-110.8685330709,"","velvet ash","https://www.inaturalist.org/observations/15216472","https://static.inaturalist.org/photos/22764352/medium.jpeg?1533694868","alex_bairstow",15216472,"velvet ash","Plantae",64132,"false",2,0,"2018/07/30 10:07 AM PDT","2018-07-30","2018-07-30 17:07:00 UTC","Pacific Time (US & Canada)",61,NA,NA,"false","","",NA,317669,"2018-08-08 02:50:40 UTC","2018-08-08 03:23:49 UTC","research","CC-BY-NC",NA,NA,"false"
"Fraxinus velutina","2018-08-01 11:33:36 -0600","Lower Sabino creek riparian area","Crossing Zero, Tucson, AZ 85750, USA",32.31077281,-110.81056705,"","velvet ash","https://www.inaturalist.org/observations/15027706","https://static.inaturalist.org/photos/22427455/medium.jpeg?1533158902","opheodrys1",15027706,"velvet ash","Plantae",64132,"false",1,0,"2018-08-01 11:33:36 AM MST","2018-08-01","2018-08-01 17:33:36 UTC","Mountain Time (US & Canada)",5,NA,NA,"false","","",NA,566399,"2018-08-01 21:28:16 UTC","2018-08-02 02:00:57 UTC","research","CC-BY-NC",NA,2,"false"
"Fraxinus velutina","2018-07-28 13:04:40 -0600","","42 Forest Rd, San Simon, AZ 85632, USA",31.89635849,-109.1648178101,"","velvet ash","https://www.inaturalist.org/observations/14884825","https://static.inaturalist.org/photos/22214252/medium.jpeg?1532873443","desertgal",14884825,"velvet ash","Plantae",64132,"false",1,0,"2018-07-28 1:04:40 PM MDT","2018-07-28","2018-07-28 19:04:40 UTC","Mountain Time (US & Canada)",NA,NA,NA,"false","gps","gps",NA,1109833,"2018-07-29 14:10:34 UTC","2018-07-29 14:55:17 UTC","research","",NA,2,"false"
"Fraxinus velutina","2018-07-27 09:58:22 -0600","","Parque Nacional Saguaro, Vail, AZ, US",32.1991,-110.56733,"","velvet ash","https://www.inaturalist.org/observations/14801730","https://static.inaturalist.org/photos/22094852/medium.jpg?1532726864","hutchidyl",14801730,"velvet ash","Plantae",64132,"false",1,0,"Fri Jul 27 2018 09:58:22 GMT-0700 (MST)","2018-07-27","2018-07-27 15:58:22 UTC","Mountain Time (US & Canada)",5,NA,NA,"false","","",NA,295838,"2018-07-27 21:27:21 UTC","2018-07-27 21:43:43 UTC","research","",NA,3,"false"
"Fraxinus velutina","2018-07-19 17:52:00 -0600","","Lincoln National Forest, Cloudcroft, NM, US",32.9546666667,-105.77298,"","velvet ash","https://www.inaturalist.org/observations/14533278","https://static.inaturalist.org/photos/21643856/medium.jpg?1532054904","ck2az",14533278,"velvet ash","Plantae",64132,"false",1,0,"Thu Jul 19 2018 17:52:00 GMT-0600 (MDT)","2018-07-19","2018-07-19 23:52:00 UTC","Mountain Time (US & Canada)",10,NA,NA,"false","","",NA,264009,"2018-07-20 02:47:24 UTC","2018-07-21 04:51:42 UTC","research","CC-BY",NA,3,"false"
"Fraxinus velutina","2018-07-19 09:51:00 -0600","","Maricopa, Arizona, United States",33.96972,-111.8656083333,"Salicaceae, Seven Springs, Tonto NF","velvet ash","https://www.inaturalist.org/observations/14531111","https://static.inaturalist.org/photos/21639759/medium.jpg?1532049188","stevejones",14531111,"velvet ash","Plantae",64132,"false",1,0,"2018/07/19 9:51 AM MST","2018-07-19","2018-07-19 15:51:00 UTC","Mountain Time (US & Canada)",NA,NA,NA,"false","","",NA,168545,"2018-07-20 01:21:17 UTC","2018-07-21 14:54:17 UTC","research","CC-BY-NC",NA,NA,"false"
"Fraxinus velutina","2018-07-15 14:14:02 -0600","","V-Bar-V Heritage Site, Rimrock, AZ, US",34.6697833333,-111.7131716667,"","velvet ash","https://www.inaturalist.org/observations/14400268","https://static.inaturalist.org/photos/21417714/medium.jpg?1531701142","sommerd82",14400268,"velvet ash","Plantae",64132,"false",2,0,"Sun Jul 15 2018 14:14:02 GMT-0700 (MST)","2018-07-15","2018-07-15 20:14:02 UTC","Mountain Time (US & Canada)",5,NA,NA,"false","","",NA,1050092,"2018-07-16 00:31:53 UTC","2018-07-17 15:21:17 UTC","research","",NA,3,"false"
"Fraxinus velutina","2018-07-12 09:03:50 -0600","","87901, Truth or Consequences, NM, US",33.117244388,-107.2616787349,"","velvet ash","https://www.inaturalist.org/observations/14288478","https://static.inaturalist.org/photos/21217637/medium.jpg?1531408165","treestreet",14288478,"velvet ash","Plantae",64132,"false",1,0,"Thu Jul 12 2018 09:03:50 GMT-0600 (MDT)","2018-07-12","2018-07-12 15:03:50 UTC","Mountain Time (US & Canada)",5,NA,NA,"false","","",NA,69455,"2018-07-12 15:08:42 UTC","2018-08-08 04:18:24 UTC","research","CC-BY-NC",NA,3,"false"
"Fraxinus velutina","2018-06-30 10:23:00 -0600","","Montezuma Castle National Monument, Yavapai, Arizona, United States",34.6116133333,-111.8427116667,"Montezuma Castle, NPS, Oleaceae","velvet ash","https://www.inaturalist.org/observations/13998045","https://static.inaturalist.org/photos/20702605/medium.jpg?1530577396","stevejones",13998045,"velvet ash","Plantae",64132,"false",1,0,"2018/06/30 10:23 AM MST","2018-06-30","2018-06-30 16:23:00 UTC","Mountain Time (US & Canada)",NA,NA,NA,"false","","",NA,168545,"2018-07-03 00:28:57 UTC","2018-07-03 03:21:42 UTC","research","CC-BY-NC",NA,NA,"false"
"Fraxinus velutina","2018-06-30 09:16:00 -0600","","Montezuma Castle National Monument, Yavapai, Arizona, United States",34.6480966667,-111.7515216667,"Montezuma Well, NPS, Oleaceae","velvet ash","https://www.inaturalist.org/observations/13992640","https://static.inaturalist.org/photos/20693588/medium.jpg?1530565958","stevejones",13992640,"velvet ash","Plantae",64132,"false",1,0,"2018/06/30 9:16 AM MST","2018-06-30","2018-06-30 15:16:00 UTC","Mountain Time (US & Canada)",NA,NA,NA,"false","","",NA,168545,"2018-07-02 21:19:20 UTC","2018-07-03 03:33:52 UTC","research","CC-BY-NC",NA,NA,"false"
"Fraxinus velutina","2018-06-30 07:37:00 -0600","","Yavapai, Arizona, United States",34.716315,-111.78179,"Oleaceae","velvet ash","https://www.inaturalist.org/observations/13990322","https://static.inaturalist.org/photos/20689176/medium.jpg?1530560954","stevejones",13990322,"velvet ash","Plantae",64132,"false",1,0,"2018/06/30 7:37 AM MST","2018-06-30","2018-06-30 13:37:00 UTC","Mountain Time (US & Canada)",NA,NA,NA,"false","","",NA,168545,"2018-07-02 20:01:30 UTC","2018-07-03 04:16:35 UTC","research","CC-BY-NC",NA,NA,"false"
"Fraxinus velutina","2018-06-29 09:05:00 -0700","","Pima County, AZ, USA",32.3738320768,-110.6911262473,"","velvet ash","https://www.inaturalist.org/observations/13919279","https://static.inaturalist.org/photos/20563636/medium.jpeg?1530381413","psyllidhipster",13919279,"velvet ash","Plantae",64132,"false",1,0,"2018/06/29 9:05 AM PDT","2018-06-29","2018-06-29 16:05:00 UTC","Pacific Time (US & Canada)",15,NA,NA,"false","","",NA,275891,"2018-06-30 18:02:21 UTC","2018-06-30 18:31:18 UTC","research","CC-BY-NC",NA,NA,"false"
"Fraxinus velutina","2018-06-22 07:01:00 -0600","","Washington County, UT, USA",37.2242277778,-113.40535,"","velvet ash","https://www.inaturalist.org/observations/13851202","https://static.inaturalist.org/photos/20442451/medium.jpg?1530157071","dduff",13851202,"velvet ash","Plantae",64132,"false",1,0,"2018/06/22 7:01 AM MDT","2018-06-22","2018-06-22 13:01:00 UTC","Mountain Time (US & Canada)",5,NA,NA,"false","","",NA,735234,"2018-06-28 04:01:26 UTC","2018-06-28 14:35:26 UTC","research","CC-BY-NC",NA,NA,"false"
"Fraxinus velutina","2018-05-21 09:52:00 -0400","","Willcox, AZ 85643, USA",32.26,-109.8477777778,"","velvet ash","https://www.inaturalist.org/observations/13748278","https://static.inaturalist.org/photos/20263600/medium.jpg?1529872343","birdizlife",13748278,"velvet ash","Plantae",64132,"false",1,0,"2018/05/21 9:52 AM EDT","2018-05-21","2018-05-21 13:52:00 UTC","Eastern Time (US & Canada)",NA,NA,NA,"false","","",NA,154438,"2018-06-24 20:34:02 UTC","2018-06-24 21:49:40 UTC","research","CC-BY-NC",NA,NA,"false"
"Fraxinus velutina","2018-04-07 08:40:00 -0700","","Val Verde County, US-TX, US",29.6228599374,-101.1002810877,"","velvet ash","https://www.inaturalist.org/observations/13572253","https://static.inaturalist.org/photos/19958957/medium.jpeg?1529381157","silversea_starsong",13572253,"velvet ash","Plantae",64132,"false",1,0,"2018/04/07 8:40 AM PDT","2018-04-07","2018-04-07 15:40:00 UTC","Pacific Time (US & Canada)",NA,"Val Verde County, TX, USA","obscured","true","","",NA,6971,"2018-06-19 04:25:06 UTC","2018-06-19 19:10:49 UTC","research","CC-BY-NC",NA,NA,"false"
"Fraxinus velutina","2018-06-13 18:00:33 -0500","","3802–4398 W Interstate 20, Midland, TX, US",31.9627166667,-102.1173695,"","velvet ash","https://www.inaturalist.org/observations/13413673","https://static.inaturalist.org/photos/19678742/medium.jpg?1528944161","samlutfy",13413673,"velvet ash","Plantae",64132,"false",2,0,"Wed Jun 13 2018 18:00:33 GMT-0500 (CDT)","2018-06-13","2018-06-13 23:00:33 UTC","Central Time (US & Canada)",5,"","","false","","",NA,753577,"2018-06-14 02:42:02 UTC","2018-06-24 04:29:29 UTC","research","",NA,3,"false"
"Fraxinus velutina","2018-05-16 14:43:17 -0600","","Tonto National Forest, Mayer, AZ, US",34.2503583333,-111.9704666667,"","velvet ash","https://www.inaturalist.org/observations/13268316","https://static.inaturalist.org/photos/19420360/medium.jpg?1528570395","hemispingus",13268316,"velvet ash","Plantae",64132,"false",1,0,"Wed May 16 2018 14:43:17 GMT-0700 (MST)","2018-05-16","2018-05-16 20:43:17 UTC","Mountain Time (US & Canada)",5,"","","false","","",NA,321597,"2018-06-09 18:52:19 UTC","2018-06-09 21:20:15 UTC","research","CC0",NA,3,"false"
"Fraxinus velutina","2018-05-15 11:26:00 -0600","","El Aribabi, Imuris, Son., Mexico",30.8345333333,-110.67295,"","velvet ash","https://www.inaturalist.org/observations/13159928","https://static.inaturalist.org/photos/19205150/medium.jpg?1528242781","rpmundo",13159928,"Fraxinus velutina","Plantae",64132,"false",1,0,"2018/05/15 11:26 AM MST","2018-05-15","2018-05-15 17:26:00 UTC","Mountain Time (US & Canada)",8,"","","false","","",NA,16268,"2018-06-05 23:53:55 UTC","2018-06-11 02:48:01 UTC","research","CC-BY-NC",NA,NA,"false"
"Fraxinus velutina","2018-05-27 12:31:00 -0700","","Pima County, AZ, USA",32.3265081244,-110.6996583939,"","velvet ash","https://www.inaturalist.org/observations/12875741","https://static.inaturalist.org/photos/18689311/medium.jpeg?1527464214","psyllidhipster",12875741,"velvet ash","Plantae",64132,"false",1,0,"2018/05/27 12:31 PM PDT","2018-05-27","2018-05-27 19:31:00 UTC","Pacific Time (US & Canada)",12,"","","false","","",NA,275891,"2018-05-28 00:00:48 UTC","2018-05-28 03:18:09 UTC","research","CC-BY-NC",NA,NA,"false"
"Fraxinus velutina","2018-05-26 13:42:20 -0600","","84110 Nogales, SON, Nogales, SON, MX",31.3326425269,-110.7787387854,"","velvet ash","https://www.inaturalist.org/observations/12851662","https://static.inaturalist.org/photos/18649452/medium.jpg?1527404768","yams17",12851662,"Fraxinus velutina","Plantae",64132,"false",1,0,"Sat May 26 2018 13:42:20 GMT-0700 (MST)","2018-05-26","2018-05-26 19:42:20 UTC","Mountain Time (US & Canada)",91,"","","false","","",NA,558842,"2018-05-27 07:05:56 UTC","2018-05-27 23:42:01 UTC","research","",NA,3,"false"
"Fraxinus velutina","2018-05-26 12:25:56 -0500","","Pool Lot Trail, Austin, TX 78758, USA",30.39656147,-97.68341373,"","velvet ash","https://www.inaturalist.org/observations/12831351","https://static.inaturalist.org/photos/18614019/medium.jpeg?1527356213","rickyiii",12831351,"velvet ash","Plantae",64132,"false",1,0,"2018-05-26 12:25:56 PM CDT","2018-05-26","2018-05-26 17:25:56 UTC","Central Time (US & Canada)",13,"","","false","","",NA,808559,"2018-05-26 17:36:42 UTC","2018-06-04 04:16:41 UTC","research","CC-BY-NC",NA,2,"false"
"Fraxinus velutina","2018-05-22 08:35:00 -0600","","Maricopa, Arizona, United States",33.8817283333,-111.9585733333,"DFLT, Jewel, Oleaceae","velvet ash","https://www.inaturalist.org/observations/12768024","https://static.inaturalist.org/photos/18502596/medium.jpg?1527168382","stevejones",12768024,"velvet ash","Plantae",64132,"false",1,0,"2018/05/22 8:35 AM MST","2018-05-22","2018-05-22 14:35:00 UTC","Mountain Time (US & Canada)",NA,"","","false","","",NA,168545,"2018-05-24 13:42:10 UTC","2018-05-25 21:59:50 UTC","research","CC-BY-NC",NA,NA,"false"
"Fraxinus velutina","2018-05-18 09:42:00 -0600","","Maricopa, Arizona, United States",33.963495,-111.8714566667,"Oleaceae, Tonto NF","velvet ash","https://www.inaturalist.org/observations/12661982","https://static.inaturalist.org/photos/18321517/medium.jpg?1526864042","stevejones",12661982,"velvet ash","Plantae",64132,"false",1,0,"2018/05/18 9:42 AM MST","2018-05-18","2018-05-18 15:42:00 UTC","Mountain Time (US & Canada)",NA,"","","false","","",NA,168545,"2018-05-21 01:01:50 UTC","2018-05-21 01:43:33 UTC","research","CC-BY-NC",NA,NA,"false"
"Fraxinus velutina","2018-05-19 09:34:40 -0700","","9130-9996 Father Junipero Serra Trail, San Diego, CA 92119, USA",32.833292692,-117.0474235341,"","velvet ash","https://www.inaturalist.org/observations/12614275","https://static.inaturalist.org/photos/18240514/medium.jpeg?1526760341","gwenfish",12614275,"velvet ash","Plantae",64132,"false",2,0,"2018-05-19 9:34:40 AM PDT","2018-05-19","2018-05-19 16:34:40 UTC","Pacific Time (US & Canada)",2064,"","","false","gps","gps",NA,156553,"2018-05-19 20:05:34 UTC","2018-06-27 01:37:54 UTC","research","CC-BY-NC",NA,2,"false"
"Fraxinus velutina","2017-12-16 09:47:00 -0700","","Chihuahua, MX",29.1466552433,-103.9932602524,"","velvet ash","https://www.inaturalist.org/observations/12507168","https://static.inaturalist.org/photos/18055925/medium.jpeg?1526449076","naftis",12507168,"Fraxinus velutina","Plantae",64132,"false",1,0,"2017/12/16 9:47 AM MST","2017-12-16","2017-12-16 16:47:00 UTC","Mountain Time (US & Canada)",NA,"Manuel Benavides, Chih., México","obscured","true","","",NA,416028,"2018-05-16 05:53:24 UTC","2018-05-17 23:15:22 UTC","research","CC-BY-NC-ND",NA,NA,"false"
"Fraxinus velutina","2018-05-14 10:49:03 -0600","","Coconino National Forest, Sedona, AZ, US",34.8862783704,-111.7317951379,"","velvet ash","https://www.inaturalist.org/observations/12454959","https://static.inaturalist.org/photos/17968140/medium.jpg?1526320197","doughekf",12454959,"velvet ash","Plantae",64132,"false",1,0,"Mon May 14 2018 10:49:03 GMT-0700 (MST)","2018-05-14","2018-05-14 16:49:03 UTC","Mountain Time (US & Canada)",10,"","","false","","",NA,713893,"2018-05-14 17:49:25 UTC","2018-05-14 18:12:49 UTC","research","CC-BY-NC",NA,3,"false"
"Fraxinus velutina","2018-05-02 17:19:00 -0700","","Pima County, AZ, USA",31.7398515354,-110.8857178686,"","velvet ash","https://www.inaturalist.org/observations/12079765","https://static.inaturalist.org/photos/17321739/medium.jpeg?1525321800","psyllidhipster",12079765,"velvet ash","Plantae",64132,"false",1,0,"2018/05/02 5:19 PM PDT","2018-05-02","2018-05-03 00:19:00 UTC","Pacific Time (US & Canada)",25,"","","false","","",NA,275891,"2018-05-03 05:19:26 UTC","2018-05-07 02:20:26 UTC","research","CC-BY-NC",NA,NA,"false"
"Fraxinus velutina","2018-04-28 16:28:17 -0600","","Coronado National Forest, Rio Rico, AZ, US",31.6943083333,-110.9340283333,"","velvet ash","https://www.inaturalist.org/observations/11716604","https://static.inaturalist.org/photos/16752094/medium.jpg?1524977224","yams17",11716604,"velvet ash","Plantae",64132,"false",1,0,"Sat Apr 28 2018 16:28:17 GMT-0700 (MST)","2018-04-28","2018-04-28 22:28:17 UTC","Mountain Time (US & Canada)",5,"","","false","","",NA,558842,"2018-04-29 04:46:27 UTC","2018-04-29 07:38:02 UTC","research","",NA,3,"false"
"Fraxinus velutina","2018-04-21 17:47:00 -0700","","Zion National Park, Zion, Washington, Utah, United States",37.2711078664,-112.9369056969,"","velvet ash","https://www.inaturalist.org/observations/11474275","https://static.inaturalist.org/photos/16374669/medium.jpeg?1524800200","natureali",11474275,"velvet ash","Plantae",64132,"false",1,0,"2018/04/21 5:47 PM PDT","2018-04-21","2018-04-22 00:47:00 UTC","Pacific Time (US & Canada)",NA,"","","false","","",NA,10326,"2018-04-27 04:00:07 UTC","2018-08-12 07:26:10 UTC","research","CC-BY-NC-ND",NA,NA,"false"
"Fraxinus velutina","2018-04-20 16:16:58 -0600","","Washington County, US-UT, US",37.1465282143,-114.019430671,"","velvet ash","https://www.inaturalist.org/observations/11365658","https://static.inaturalist.org/photos/16195149/medium.jpg?1524502579","natureali",11365658,"velvet ash","Plantae",64132,"false",1,0,"Fri Apr 20 2018 16:16:58 GMT-0600 (MDT)","2018-04-20","2018-04-20 22:16:58 UTC","Mountain Time (US & Canada)",5,"","","false","","",NA,10326,"2018-04-23 16:56:15 UTC","2018-04-23 17:42:04 UTC","research","CC-BY-NC-ND",NA,3,"false"
"Fraxinus velutina","2018-04-14 17:56:31 -0600","","Doña Ana County, US-NM, US",32.338847341,-106.5857339838,"","velvet ash","https://www.inaturalist.org/observations/10935754","https://static.inaturalist.org/photos/15373397/medium.jpg?1523752130","aspidoscelis",10935754,"","Plantae",64132,"false",1,0,"Sat Apr 14 2018 17:56:31 GMT-0600 (MDT)","2018-04-14","2018-04-14 23:56:31 UTC","Mountain Time (US & Canada)",5,"","","false","","",NA,620642,"2018-04-15 00:28:41 UTC","2018-04-18 22:23:35 UTC","research","CC0",NA,3,"false"
"Fraxinus velutina","2018-04-11 19:22:13 -0500","","2608 Great Oaks Pkwy, Austin, TX, US",30.320875,-97.7488633333,"","velvet ash","https://www.inaturalist.org/observations/10791014","https://static.inaturalist.org/photos/15101203/medium.jpg?1523496157","elliotgreiner",10791014,"velvet ash","Plantae",64132,"false",1,0,"Wed Apr 11 2018 19:22:13 GMT-0500 (CDT)","2018-04-11","2018-04-12 00:22:13 UTC","Central Time (US & Canada)",NA,"","","false","","",NA,292489,"2018-04-12 01:22:22 UTC","2018-04-12 03:45:05 UTC","research","CC-BY",NA,3,"false"
"Fraxinus velutina","2018-04-11 19:17:54 -0500","","4504 Erin Ln, Austin, TX, US",30.3195133333,-97.7493216667,"","velvet ash","https://www.inaturalist.org/observations/10790908","https://static.inaturalist.org/photos/15101042/medium.jpg?1523496034","elliotgreiner",10790908,"velvet ash","Plantae",64132,"false",1,0,"Wed Apr 11 2018 19:17:54 GMT-0500 (CDT)","2018-04-11","2018-04-12 00:17:54 UTC","Central Time (US & Canada)",NA,"","","false","","",NA,292489,"2018-04-12 01:20:00 UTC","2018-04-12 03:42:37 UTC","research","CC-BY",NA,3,"false"
"Fraxinus velutina","2018-04-04 09:21:00 -0700","","San Diego County, CA, USA",33.3680555556,-116.4908333333,"","velvet ash","https://www.inaturalist.org/observations/10644017","https://static.inaturalist.org/photos/14851372/medium.jpg?1522962171","efmer",10644017,"velvet ash","Plantae",64132,"false",1,0,"2018/04/04 9:21 AM PDT","2018-04-04","2018-04-04 16:21:00 UTC","Pacific Time (US & Canada)",NA,"","","false","","",NA,750774,"2018-04-05 21:06:42 UTC","2018-04-06 17:36:17 UTC","research","CC-BY-NC",NA,NA,"false"
"Fraxinus velutina","2018-03-29 14:22:14 -0600","","Toquerville, UT  84774, Leeds, UT, US",37.2188193988,-113.3553457573,"","velvet ash","https://www.inaturalist.org/observations/10641139","https://static.inaturalist.org/photos/14846328/medium.jpg?1522953616","phoebe-is-awkward",10641139,"velvet ash","Plantae",64132,"false",1,0,"Thu Mar 29 2018 14:22:14 GMT-0600 (MDT)","2018-03-29","2018-03-29 20:22:14 UTC","Mountain Time (US & Canada)",5881,"","","false","","",NA,785863,"2018-04-05 18:39:34 UTC","2018-04-06 14:11:12 UTC","research","",NA,3,"false"
"Fraxinus velutina","2018-03-29 14:20:11 -0600","","Washington County, US-UT, US",37.2242211225,-113.4055646417,"","velvet ash","https://www.inaturalist.org/observations/10561336","https://static.inaturalist.org/photos/14712961/medium.jpg?1522635848","allisonm99",10561336,"velvet ash","Plantae",64132,"false",1,0,"Thu Mar 29 2018 14:20:11 GMT-0600 (MDT)","2018-03-29","2018-03-29 20:20:11 UTC","Mountain Time (US & Canada)",5,"","","false","","",NA,784158,"2018-04-02 02:20:13 UTC","2018-04-08 03:33:08 UTC","research","",NA,3,"false"
"Fraxinus velutina","2018-03-15 14:45:02 -0500","","Catalina State Park, Tucson, AZ, US",32.4297783333,-110.8947366667,"","velvet ash","https://www.inaturalist.org/observations/10280776","https://static.inaturalist.org/photos/14232960/medium.jpg?1521326530","sedge",10280776,"velvet ash","Plantae",64132,"false",1,0,"Thu Mar 15 2018 14:45:02 GMT-0500 (CDT)","2018-03-15","2018-03-15 19:45:02 UTC","Central Time (US & Canada)",20,"","","false","","",NA,37031,"2018-03-17 22:42:02 UTC","2018-03-18 17:44:02 UTC","research","CC-BY-NC",NA,3,"false"
"Fraxinus velutina","2018-03-14 09:38:00 -0700","Sawmill Trail","San Bernardino National Forest, Riverside County, US-CA, US",33.5746794613,-116.4259439708,"","velvet ash","https://www.inaturalist.org/observations/10236646","https://static.inaturalist.org/photos/14153673/medium.jpg?1521063757","philparker",10236646,"velvet ash","Plantae",64132,"false",1,0,"Wed Mar 14 2018 09:38:00 GMT-0700 (PDT)","2018-03-14","2018-03-14 16:38:00 UTC","Pacific Time (US & Canada)",5,"","","false","","",NA,79345,"2018-03-14 21:42:06 UTC","2018-04-04 17:51:28 UTC","research","",NA,3,"false"
"Fraxinus velutina","2018-03-10 14:39:00 -0700","","Doña Ana County, NM, USA",32.3383333333,-106.5827777778,"","velvet ash","https://www.inaturalist.org/observations/10177121","https://static.inaturalist.org/photos/14051425/medium.jpg?1520736092","alex_abair",10177121,"velvet ash","Plantae",64132,"false",1,0,"2018/03/10 2:39 PM MST","2018-03-10","2018-03-10 21:39:00 UTC","Mountain Time (US & Canada)",NA,"","","false","","",NA,434305,"2018-03-11 02:49:00 UTC","2018-03-15 23:44:36 UTC","research","CC-BY-NC",NA,NA,"false"
"Fraxinus velutina","2017-08-24 15:39:08 -0700","","Pena Blanca Lake, Nogales, Arizona",31.400257,-111.089094,"","velvet ash","https://www.inaturalist.org/observations/9974518","https://static.inaturalist.org/photos/13704798/medium.jpeg?1519446558","matthew_salkiewicz",9974518,"velvet ash","Plantae",64132,"false",1,0,"2017-08-24 15:39:08","2017-08-24","2017-08-24 22:39:08 UTC","Pacific Time (US & Canada)",113,"","","false","","",NA,16576,"2018-02-24 04:29:23 UTC","2018-02-24 14:11:39 UTC","research","CC-BY-NC",NA,NA,"false"
"Fraxinus velutina","2018-02-20 18:38:00 -0600","","Midland County, TX, USA",31.9633864102,-102.1205028892,"","velvet ash","https://www.inaturalist.org/observations/9952202","https://static.inaturalist.org/photos/13663683/medium.jpeg?1519263410","knightericm",9952202,"velvet ash","Plantae",64132,"false",1,0,"2018/02/20 6:38 PM CST","2018-02-20","2018-02-21 00:38:00 UTC","Central Time (US & Canada)",4,"","","false","","",NA,23016,"2018-02-22 01:50:08 UTC","2018-02-22 03:59:08 UTC","research","CC-BY-NC",NA,NA,"false"
"Fraxinus velutina","2018-02-20 13:55:22 -0600","","Midland, TX  79703, Midland, TX, US",31.9644983439,-102.1214230546,"","velvet ash","https://www.inaturalist.org/observations/9947637","https://static.inaturalist.org/photos/13656233/medium.jpeg?1519236875","nathantaylor7583",9947637,"velvet ash","Plantae",64132,"false",1,0,"Tue Feb 20 2018 13:55:22 GMT-0600 (CST)","2018-02-20","2018-02-20 19:55:22 UTC","Central Time (US & Canada)",10,"","","false","","",NA,43815,"2018-02-21 18:13:20 UTC","2018-03-05 23:53:50 UTC","research","CC-BY-NC",NA,3,"false"
"Fraxinus velutina","2018-02-14 13:03:32 -0600","","Midland County, US-TX, US",31.9635337964,-102.120545637,"","velvet ash","https://www.inaturalist.org/observations/9879414","https://static.inaturalist.org/photos/13541056/medium.jpeg?1518791744","nathantaylor7583",9879414,"velvet ash","Plantae",64132,"false",1,0,"Wed Feb 14 2018 13:03:32 GMT-0600 (CST)","2018-02-14","2018-02-14 19:03:32 UTC","Central Time (US & Canada)",5,"","","false","","",NA,43815,"2018-02-16 14:35:13 UTC","2018-02-17 16:34:51 UTC","research","CC-BY-NC",NA,3,"false"
"Fraxinus velutina","2018-02-14 12:53:42 -0600","","Midland, TX  79703, Midland, TX, US",31.9644822926,-102.1212995891,"","velvet ash","https://www.inaturalist.org/observations/9879410","https://static.inaturalist.org/photos/13541035/medium.jpg?1518791695","nathantaylor7583",9879410,"velvet ash","Plantae",64132,"false",1,0,"Wed Feb 14 2018 12:53:42 GMT-0600 (CST)","2018-02-14","2018-02-14 18:53:42 UTC","Central Time (US & Canada)",10,"","","false","","",NA,43815,"2018-02-16 14:34:50 UTC","2018-02-17 16:34:44 UTC","research","CC-BY-NC",NA,3,"false"
"Fraxinus velutina","2018-02-15 12:00:22 -0800","","Spring Mountain Ranch State Park, Blue Diamond, NV, US",36.0686528333,-115.456345,"","velvet ash","https://www.inaturalist.org/observations/9876664","https://static.inaturalist.org/photos/13536313/medium.jpg?1518758967","coreyjlange",9876664,"velvet ash","Plantae",64132,"false",1,0,"Thu Feb 15 2018 12:00:22 GMT-0800 (PST)","2018-02-15","2018-02-15 20:00:22 UTC","Pacific Time (US & Canada)",5,NA,NA,"false",NA,NA,NA,55236,"2018-02-16 05:28:56 UTC","2018-02-16 18:34:24 UTC","research","CC-BY-NC",NA,3,"false"
"Fraxinus velutina","2018-02-09 15:19:03 -0700","","Catalina State Park, Tucson, AZ, US",32.43083,-110.8960283333,"","velvet ash","https://www.inaturalist.org/observations/9853482","https://static.inaturalist.org/photos/13495451/medium.jpg?1518569865","mcaple",9853482,"velvet ash","Plantae",64132,"false",2,0,"Fri Feb 09 2018 15:19:03 GMT-0700 (MST)","2018-02-09","2018-02-09 22:19:03 UTC","Mountain Time (US & Canada)",5,NA,NA,"false",NA,NA,NA,558416,"2018-02-14 00:57:44 UTC","2018-03-09 21:00:49 UTC","research","CC-BY-NC",NA,3,"false"
"Fraxinus velutina","2018-01-29 14:37:55 -0700","","Saguaro National Park, Mount Lemmon, AZ, US",32.32083,-110.8094866667,"","velvet ash","https://www.inaturalist.org/observations/9663057","https://static.inaturalist.org/photos/13203462/medium.jpg?1517276472","ck2az",9663057,"velvet ash","Plantae",64132,"false",1,0,"Mon Jan 29 2018 14:37:55 GMT-0700 (MST)","2018-01-29","2018-01-29 21:37:55 UTC","Mountain Time (US & Canada)",5,NA,NA,"false",NA,NA,NA,264009,"2018-01-30 01:41:00 UTC","2018-03-11 04:04:19 UTC","research","CC-BY",NA,3,"false"
"Fraxinus velutina","2018-01-29 15:03:23 -0700","","Saguaro National Park, Mount Lemmon, AZ, US",32.31548,-110.810945,"","velvet ash","https://www.inaturalist.org/observations/9662093","https://static.inaturalist.org/photos/13201895/medium.jpg?1517271776","ck2az",9662093,"velvet ash","Plantae",64132,"false",1,0,"Mon Jan 29 2018 15:03:23 GMT-0700 (MST)","2018-01-29","2018-01-29 22:03:23 UTC","Mountain Time (US & Canada)",5,NA,NA,"false",NA,NA,NA,264009,"2018-01-30 00:22:51 UTC","2018-03-11 04:52:36 UTC","research","CC-BY",NA,3,"false"
"Fraxinus velutina","2018-01-15 08:06:15 -0800","","Marian Bear Memorial Park, San Diego, California",32.842993,-117.191704,"","velvet ash","https://www.inaturalist.org/observations/9502786","https://static.inaturalist.org/photos/12947145/medium.jpeg?1516154205","matthew_salkiewicz",9502786,"velvet ash","Plantae",64132,"false",1,0,"2018-01-15 08:06:15","2018-01-15","2018-01-15 16:06:15 UTC","Pacific Time (US & Canada)",27,NA,NA,"false",NA,NA,NA,16576,"2018-01-17 01:56:49 UTC","2018-01-17 16:10:06 UTC","research","CC-BY-NC",NA,NA,"false"
"Fraxinus velutina","2018-01-12 16:46:11 -0800","","Las Vegas, NV  89161, Las Vegas, NV, US",36.0360416667,-115.4623866667,"","velvet ash","https://www.inaturalist.org/observations/9454921","https://static.inaturalist.org/photos/12860378/medium.jpg?1515813738","dbellamy",9454921,"velvet ash","Plantae",64132,"false",1,0,"Fri Jan 12 2018 16:46:11 GMT-0800 (PST)","2018-01-12","2018-01-13 00:46:11 UTC","Pacific Time (US & Canada)",10,NA,NA,"false",NA,NA,NA,551754,"2018-01-13 03:22:08 UTC","2018-01-13 15:55:34 UTC","research","CC-BY-NC",NA,3,"false"
"Fraxinus velutina","2017-06-19 18:18:54 -0700","Could be F. latifolia but the leaflets look pretty lanceolate for the most part. Unfortunately I was only able to get these shots from a distance.","Sacramento National Wildlife Refuge, Willows, California",39.429798,-122.186225,"","velvet ash","https://www.inaturalist.org/observations/9446012","https://static.inaturalist.org/photos/12844740/medium.jpeg?1515732211","matthew_salkiewicz",9446012,"velvet ash","Plantae",64132,"false",1,0,"2017-06-19 18:18:54","2017-06-19","2017-06-20 01:18:54 UTC","Pacific Time (US & Canada)",NA,NA,NA,"false",NA,NA,NA,16576,"2018-01-12 04:43:34 UTC","2018-01-12 14:47:27 UTC","research","CC-BY-NC",NA,NA,"false"
"Fraxinus velutina","2006-08-12 07:37:00 -0500","","11570 N Oracle Rd, Tucson, AZ 85737, USA",32.4289439,-110.9118435,"","velvet ash","https://www.inaturalist.org/observations/9438862","https://static.inaturalist.org/photos/12832893/medium.jpg?1515682496","plantcollector",9438862,"velvet ash","Plantae",64132,"false",1,0,"2006/08/12 7:37 AM CDT","2006-08-12","2006-08-12 12:37:00 UTC","Central Time (US & Canada)",1283,NA,NA,"false",NA,NA,NA,172938,"2018-01-11 14:55:27 UTC","2018-01-11 15:51:23 UTC","research","CC-BY-NC",NA,NA,"false"
"Fraxinus velutina","2017-12-27 17:19:00 -0600","","Allandale, Austin, TX, USA",30.3488722222,-97.7429611111,"","velvet ash","https://www.inaturalist.org/observations/9278434","https://static.inaturalist.org/photos/12573512/medium.jpeg?1514425205","nanofishology",9278434,"velvet ash","Plantae",64132,"false",1,0,"2017/12/27 5:19 PM CST","2017-12-27","2017-12-27 23:19:00 UTC","Central Time (US & Canada)",NA,NA,NA,"false",NA,NA,NA,90526,"2017-12-28 01:45:11 UTC","2018-01-09 21:13:54 UTC","research","CC-BY-NC",NA,NA,"false"
"Fraxinus velutina","2017-12-21 16:51:33 -0800","","89161, Las Vegas, NV, US",36.1466111667,-115.4214333333,"","velvet ash","https://www.inaturalist.org/observations/9229722","https://static.inaturalist.org/photos/12491145/medium.jpg?1513909144","dbellamy",9229722,"velvet ash","Plantae",64132,"false",2,0,"Thu Dec 21 2017 16:51:33 GMT-0800 (PST)","2017-12-21","2017-12-22 00:51:33 UTC","Pacific Time (US & Canada)",10,NA,NA,"false",NA,NA,NA,551754,"2017-12-22 02:15:53 UTC","2017-12-23 22:07:54 UTC","research","CC-BY-NC",NA,3,"false"
"Fraxinus velutina","2017-12-15 15:35:28 -0600","","Midland, TX  79703, Midland, TX, US",31.963725,-102.1210028333,"","velvet ash","https://www.inaturalist.org/observations/9167477","https://static.inaturalist.org/photos/12400174/medium.jpg?1513386163","nathantaylor7583",9167477,"velvet ash","Plantae",64132,"false",1,0,"Fri Dec 15 2017 15:35:28 GMT-0600 (CST)","2017-12-15","2017-12-15 21:35:28 UTC","Central Time (US & Canada)",5,NA,NA,"false",NA,NA,NA,43815,"2017-12-16 01:00:28 UTC","2018-01-19 20:17:27 UTC","research","CC-BY-NC",NA,3,"false"
"Fraxinus velutina","2017-12-10 10:34:53 -0800","","Rainbow Mountain Wilderness, Las Vegas, NV, US",36.1243278333,-115.4948966667,"","velvet ash","https://www.inaturalist.org/observations/9128270","https://static.inaturalist.org/photos/12335753/medium.jpg?1513035055","dbellamy",9128270,"velvet ash","Plantae",64132,"false",2,0,"Sun Dec 10 2017 10:34:53 GMT-0800 (PST)","2017-12-10","2017-12-10 18:34:53 UTC","Pacific Time (US & Canada)",200,NA,NA,"false",NA,NA,NA,551754,"2017-12-11 23:28:56 UTC","2017-12-12 17:33:49 UTC","research","CC-BY-NC",NA,3,"false"
"Fraxinus velutina","2017-12-10 10:35:04 -0800","","Rainbow Mountain Wilderness, Las Vegas, NV, US",36.1241333333,-115.4948966667,"","velvet ash","https://www.inaturalist.org/observations/9115079","https://static.inaturalist.org/photos/12315734/medium.jpg?1512942515","r-fisher",9115079,"velvet ash","Plantae",64132,"false",1,0,"Sun Dec 10 2017 10:35:04 GMT-0800 (PST)","2017-12-10","2017-12-10 18:35:04 UTC","Pacific Time (US & Canada)",10,NA,NA,"false",NA,NA,NA,547688,"2017-12-10 21:48:24 UTC","2017-12-11 23:41:25 UTC","research","",NA,3,"false"
"Fraxinus velutina","2017-11-17 12:31:00 -0700","Box Canyon, Rincon Mountains, growing out of bedrock in steep pouroff, leaf margins serrate, some leaves strikingly dark green","Pima County, AZ, USA",32.166562,-110.6871910808,"","velvet ash","https://www.inaturalist.org/observations/8855407","https://static.inaturalist.org/photos/11902105/medium.jpeg?1511051658","danbeckman",8855407,"velvet ash","Plantae",64132,"false",1,0,"2017/11/17 12:31 PM MST","2017-11-17","2017-11-17 19:31:00 UTC","Mountain Time (US & Canada)",10,NA,NA,"false",NA,NA,NA,233077,"2017-11-19 00:47:38 UTC","2017-11-23 06:52:24 UTC","research","CC-BY-NC",NA,NA,"false"
"Fraxinus velutina","2017-11-13 12:14:59 -0800","","89161, Las Vegas, NV, US",36.0512055,-115.4139466667,"","velvet ash","https://www.inaturalist.org/observations/8803119","https://static.inaturalist.org/photos/11821602/medium.jpg?1510650116","dbellamy",8803119,"velvet ash","Plantae",64132,"false",1,0,"Mon Nov 13 2017 12:14:59 GMT-0800 (PST)","2017-11-13","2017-11-13 20:14:59 UTC","Pacific Time (US & Canada)",5,NA,NA,"false",NA,NA,NA,551754,"2017-11-14 09:01:45 UTC","2017-11-14 18:41:04 UTC","research","CC-BY-NC",NA,3,"false"
"Fraxinus velutina","2017-11-13 11:39:47 -0800","","89161, Las Vegas, NV, US",36.0531888333,-115.4173966667,"","velvet ash","https://www.inaturalist.org/observations/8803042","https://static.inaturalist.org/photos/11821498/medium.jpg?1510648968","dbellamy",8803042,"velvet ash","Plantae",64132,"false",2,0,"Mon Nov 13 2017 11:39:47 GMT-0800 (PST)","2017-11-13","2017-11-13 19:39:47 UTC","Pacific Time (US & Canada)",5,NA,NA,"false",NA,NA,NA,551754,"2017-11-14 08:41:50 UTC","2017-11-15 03:00:06 UTC","research","CC-BY-NC",NA,3,"false"
"Fraxinus velutina","2017-11-13 11:29:44 -0800","","89161, Las Vegas, NV, US",36.0536528333,-115.4185716667,"","velvet ash","https://www.inaturalist.org/observations/8803038","https://static.inaturalist.org/photos/11821494/medium.jpg?1510648814","dbellamy",8803038,"velvet ash","Plantae",64132,"false",2,0,"Mon Nov 13 2017 11:29:44 GMT-0800 (PST)","2017-11-13","2017-11-13 19:29:44 UTC","Pacific Time (US & Canada)",87,NA,NA,"false",NA,NA,NA,551754,"2017-11-14 08:39:42 UTC","2017-11-15 03:00:26 UTC","research","CC-BY-NC",NA,3,"false"
"Fraxinus velutina","2017-11-13 12:19:20 -0800","","89161, Las Vegas, NV, US",36.0533382096,-115.4172077682,"","velvet ash","https://www.inaturalist.org/observations/8802975","https://static.inaturalist.org/photos/11821393/medium.jpg?1510647917","dbellamy",8802975,"velvet ash","Plantae",64132,"false",1,0,"Mon Nov 13 2017 12:19:20 GMT-0800 (PST)","2017-11-13","2017-11-13 20:19:20 UTC","Pacific Time (US & Canada)",76,NA,NA,"false",NA,NA,NA,551754,"2017-11-14 08:25:08 UTC","2017-11-14 16:31:21 UTC","research","CC-BY-NC",NA,3,"false"
"Fraxinus velutina","2017-11-13 12:25:16 -0800","","89161, Las Vegas, NV, US",36.0519945,-115.4160166667,"","velvet ash","https://www.inaturalist.org/observations/8802965","https://static.inaturalist.org/photos/11821382/medium.jpg?1510647684","dbellamy",8802965,"velvet ash","Plantae",64132,"false",1,0,"Mon Nov 13 2017 12:25:16 GMT-0800 (PST)","2017-11-13","2017-11-13 20:25:16 UTC","Pacific Time (US & Canada)",30,NA,NA,"false",NA,NA,NA,551754,"2017-11-14 08:21:18 UTC","2017-11-14 16:31:28 UTC","research","CC-BY-NC",NA,3,"false"
"Fraxinus velutina","2017-08-25 11:07:00 -0700","","Tumacacori, Tumacacori-Carmen, AZ, USA",31.5691233333,-111.04651,"","velvet ash","https://www.inaturalist.org/observations/8756586","https://static.inaturalist.org/photos/11757950/medium.jpeg?1510366332","silversea_starsong",8756586,"velvet ash","Plantae",64132,"false",1,0,"2017/08/25 11:07 AM PDT","2017-08-25","2017-08-25 18:07:00 UTC","Pacific Time (US & Canada)",NA,NA,NA,"false",NA,NA,NA,6971,"2017-11-11 02:15:05 UTC","2017-11-12 13:05:23 UTC","research","CC-BY-NC",NA,NA,"false"
"Fraxinus velutina","2017-11-03 07:57:49 -0600","","Pima County, US-AZ, US",31.7584613769,-110.8446245484,"","velvet ash","https://www.inaturalist.org/observations/8667141","https://static.inaturalist.org/photos/11610140/medium.jpg?1509732681","gyrrlfalcon",8667141,"velvet ash","Plantae",64132,"false",1,0,"Fri Nov 03 2017 07:57:49 GMT-0700 (MST)","2017-11-03","2017-11-03 13:57:49 UTC","Mountain Time (US & Canada)",8,NA,NA,"false",NA,NA,NA,8778,"2017-11-03 18:11:06 UTC","2017-11-03 20:01:33 UTC","research","CC-BY-NC",NA,3,"false"
"Fraxinus velutina","2017-10-30 17:36:47 -0700","","89161, Las Vegas, NV, US",36.1463361667,-115.4192716667,"","velvet ash","https://www.inaturalist.org/observations/8624925","https://static.inaturalist.org/photos/11541202/medium.jpg?1509414875","dbellamy",8624925,"velvet ash","Plantae",64132,"false",1,0,"Mon Oct 30 2017 17:36:47 GMT-0700 (PDT)","2017-10-30","2017-10-31 00:36:47 UTC","Pacific Time (US & Canada)",5,NA,NA,"false",NA,NA,NA,551754,"2017-10-31 01:53:59 UTC","2017-10-31 20:33:54 UTC","research","CC-BY-NC",NA,3,"false"
"Fraxinus velutina","2017-09-02 08:14:00 -0600","","Maricopa County, AZ, USA",33.8694733333,-111.4634016667,"Arizona, Maricopa Co., Four Peaks","velvet ash","https://www.inaturalist.org/observations/8607246","https://static.inaturalist.org/photos/11510717/medium.jpeg?1509319630","mjplagens",8607246,"velvet ash","Plantae",64132,"false",1,0,"2017/09/02 8:14 AM MST","2017-09-02","2017-09-02 14:14:00 UTC","Mountain Time (US & Canada)",NA,NA,NA,"false",NA,NA,NA,375489,"2017-10-29 23:27:35 UTC","2017-10-30 00:09:45 UTC","research","CC-BY-NC",NA,NA,"false"
"Fraxinus velutina","2017-10-28 14:22:19 -0700","","San Bernardino National Forest, Riverside County, US-CA, US",33.5718691,-116.4923069,"","velvet ash","https://www.inaturalist.org/observations/8596716","https://static.inaturalist.org/photos/11492265/medium.jpeg?1509249241","pbrastow",8596716,"velvet ash","Plantae",64132,"false",1,0,"2017-10-28 2:22:19 PM PDT","2017-10-28","2017-10-28 21:22:19 UTC","Pacific Time (US & Canada)",128,NA,NA,"false",NA,NA,NA,31034,"2017-10-29 03:53:57 UTC","2018-06-23 01:25:33 UTC","research","CC-BY",NA,2,"false"
"Fraxinus velutina","2017-10-21 09:12:00 -0700","Along a (dry) riverbed in the Cottonwood Canyon Wilderness; such a brilliant yellow!

I think this is F. pennsylvanica, but it could be F. velutina. Comments welcomed!","Washington County, UT, USA",37.1941583333,-113.4313527778,"","velvet ash","https://www.inaturalist.org/observations/8583117","https://static.inaturalist.org/photos/11469739/medium.jpg?1509157633","carolblaney",8583117,"velvet ash","Plantae",64132,"false",1,0,"2017/10/21 9:12 AM PDT","2017-10-21","2017-10-21 16:12:00 UTC","Pacific Time (US & Canada)",NA,NA,NA,"false",NA,NA,NA,29010,"2017-10-28 02:28:01 UTC","2017-11-01 01:44:22 UTC","research","CC-BY-NC",NA,NA,"false"
"Fraxinus velutina","2017-10-21 16:05:05 -0600","","Christopher Columbus Park, Tucson, AZ, US",32.2815883333,-111.0332861667,"","velvet ash","https://www.inaturalist.org/observations/8499938","https://static.inaturalist.org/photos/11339648/medium.jpg?1508642873","ck2az",8499938,"velvet ash","Plantae",64132,"false",1,0,"Sat Oct 21 2017 16:05:05 GMT-0700 (MST)","2017-10-21","2017-10-21 22:05:05 UTC","Mountain Time (US & Canada)",0,NA,NA,"false",NA,NA,NA,264009,"2017-10-22 03:23:20 UTC","2018-04-09 13:56:52 UTC","research","CC-BY",NA,3,"false"
"Fraxinus velutina","2017-10-15 18:27:41 -0700","","89161, Las Vegas, NV, US",36.1500278333,-115.4213866667,"","velvet ash","https://www.inaturalist.org/observations/8422075","https://static.inaturalist.org/photos/11213228/medium.jpg?1508119696","dbellamy",8422075,"velvet ash","Plantae",64132,"false",1,0,"Sun Oct 15 2017 18:27:41 GMT-0700 (PDT)","2017-10-15","2017-10-16 01:27:41 UTC","Pacific Time (US & Canada)",NA,NA,NA,"false",NA,NA,NA,551754,"2017-10-16 02:07:40 UTC","2017-10-16 20:08:21 UTC","research","CC-BY-NC",NA,3,"false"
"Fraxinus velutina","2017-10-02 16:37:23 -0600","","Tonto National Forest, Miami, AZ, US",33.283775,-110.8274833333,"","velvet ash","https://www.inaturalist.org/observations/8247538","https://static.inaturalist.org/photos/10939363/medium.jpg?1507098226","ck2az",8247538,"velvet ash","Plantae",64132,"false",1,0,"Mon Oct 02 2017 16:37:23 GMT-0700 (MST)","2017-10-02","2017-10-02 22:37:23 UTC","Mountain Time (US & Canada)",NA,NA,NA,"false",NA,NA,NA,264009,"2017-10-04 06:23:41 UTC","2018-01-23 22:12:59 UTC","research","CC-BY",NA,3,"false"
"Fraxinus velutina","2017-09-26 09:08:00 -0700","Velvet Ash","Clark County, NV, USA",36.1018121592,-115.4635174327,"","velvet ash","https://www.inaturalist.org/observations/8209036","https://static.inaturalist.org/photos/10876687/medium.jpeg?1506891451","lonnyholmes",8209036,"velvet ash","Plantae",64132,"false",1,0,"2017/09/26 9:08 AM PDT","2017-09-26","2017-09-26 16:08:00 UTC","Pacific Time (US & Canada)",27,NA,NA,"false",NA,NA,NA,53702,"2017-10-01 20:57:47 UTC","2017-10-03 03:13:42 UTC","research","CC-BY-NC",NA,NA,"false"
"Fraxinus velutina","2017-09-28 14:12:41 -0600","","Agua Calienta Regional Park, Tucson, AZ, US",32.2812465907,-110.7304910369,"","velvet ash","https://www.inaturalist.org/observations/8185252","https://static.inaturalist.org/photos/10842529/medium.jpg?1506789625","ck2az",8185252,"velvet ash","Plantae",64132,"false",1,0,"Thu Sep 28 2017 14:12:41 GMT-0700 (MST)","2017-09-28","2017-09-28 20:12:41 UTC","Mountain Time (US & Canada)",24,NA,NA,"false",NA,NA,NA,264009,"2017-09-30 16:40:13 UTC","2018-01-23 22:36:25 UTC","research","CC-BY",NA,3,"false"
"Fraxinus velutina","2017-09-18 09:35:00 -0700","","Clark County, NV, USA",36.1229354824,-115.4834854899,"","velvet ash","https://www.inaturalist.org/observations/8148190","https://static.inaturalist.org/photos/10786588/medium.jpeg?1506564372","lonnyholmes",8148190,"velvet ash","Plantae",64132,"false",1,0,"2017/09/18 9:35 AM PDT","2017-09-18","2017-09-18 16:35:00 UTC","Pacific Time (US & Canada)",22,NA,NA,"false","","",NA,53702,"2017-09-28 02:06:22 UTC","2017-09-28 14:42:03 UTC","research","CC-BY-NC",NA,NA,"false"
"Fraxinus velutina","2017-09-25 12:31:00 -0600","","Yavapai County, AZ, USA",34.1624683333,-111.82948,"Oleaceae, Tonto NF","velvet ash","https://www.inaturalist.org/observations/8123266","https://static.inaturalist.org/photos/10765974/medium.jpg?1506483318","stevejones",8123266,"velvet ash","Plantae",64132,"false",2,0,"2017/09/25 12:31 PM MST","2017-09-25","2017-09-25 18:31:00 UTC","Mountain Time (US & Canada)",NA,NA,NA,"false","","",NA,168545,"2017-09-27 03:39:50 UTC","2017-09-27 17:28:15 UTC","research","CC-BY-NC",NA,NA,"false"
"Fraxinus velutina","2017-09-26 12:01:37 -0700","","89161, Las Vegas, NV, US",36.1014456209,-115.4647155293,"","velvet ash","https://www.inaturalist.org/observations/8107581","https://static.inaturalist.org/photos/10756057/medium.jpg?1506456054","lonnyholmes",8107581,"velvet ash","Plantae",64132,"false",1,0,"Tue Sep 26 2017 12:01:37 GMT-0700 (PDT)","2017-09-26","2017-09-26 19:01:37 UTC","Pacific Time (US & Canada)",5,NA,NA,"false","","",NA,53702,"2017-09-26 20:00:27 UTC","2017-11-14 22:16:02 UTC","research","CC-BY-NC",NA,3,"false"
"Fraxinus velutina","2017-09-23 15:22:23 -0600","","Sells, AZ  85634, Sells, AZ, US",31.958195,-111.5999216667,"","velvet ash","https://www.inaturalist.org/observations/8095711","https://static.inaturalist.org/photos/10737693/medium.jpg?1506382659","ck2az",8095711,"velvet ash","Plantae",64132,"false",1,0,"Sat Sep 23 2017 15:22:23 GMT-0700 (MST)","2017-09-23","2017-09-23 21:22:23 UTC","Mountain Time (US & Canada)",NA,NA,NA,"false","","",NA,264009,"2017-09-25 23:33:07 UTC","2018-01-23 22:40:41 UTC","research","CC-BY",NA,3,"false"
"Fraxinus velutina","2017-09-25 13:01:34 -0700","The refuge is named after this rare tree here...","Ash Meadows National Wildlife Refuge, Amargosa Valley, NV, US",36.401505,-116.2745216667,"","velvet ash","https://www.inaturalist.org/observations/8093108","https://static.inaturalist.org/photos/10733035/medium.jpg?1506372170","robberfly",8093108,"velvet ash","Plantae",64132,"false",1,0,"Mon Sep 25 2017 13:01:34 GMT-0700 (PDT)","2017-09-25","2017-09-25 20:01:34 UTC","Pacific Time (US & Canada)",NA,NA,NA,"false","","",NA,13979,"2017-09-25 20:42:18 UTC","2018-05-02 20:28:56 UTC","research","CC-BY-NC",NA,3,"false"
"Fraxinus velutina","2017-09-19 07:54:37 -0700","","29734-29898 Mulholland Hwy, Agoura Hills, CA 91301, USA",34.1121406555,-118.773475647,"","velvet ash","https://www.inaturalist.org/observations/8021662","https://static.inaturalist.org/photos/10618902/medium.jpeg?1505978725","justinyee",8021662,"velvet ash","Plantae",64132,"false",1,0,"2017-09-19 7:54:37 AM PDT","2017-09-19","2017-09-19 14:54:37 UTC","Pacific Time (US & Canada)",NA,NA,NA,"false","gps","gps",NA,218738,"2017-09-21 07:25:22 UTC","2017-10-04 01:57:35 UTC","research","",NA,2,"false"
"Fraxinus velutina","2017-09-02 17:23:03 -0600","","Tonto National Forest, Miami, AZ, US",33.2832033333,-110.8228083333,"","velvet ash","https://www.inaturalist.org/observations/8013338","https://static.inaturalist.org/photos/10605260/medium.jpg?1505934909","ck2az",8013338,"velvet ash","Plantae",64132,"false",1,0,"Sat Sep 02 2017 17:23:03 GMT-0700 (MST)","2017-09-02","2017-09-02 23:23:03 UTC","Mountain Time (US & Canada)",NA,NA,NA,"false","","",NA,264009,"2017-09-20 19:14:13 UTC","2018-01-23 22:40:13 UTC","research","CC-BY",NA,3,"false"
"Fraxinus velutina","2017-09-07 10:49:00 -0600","Old ash tree being undercut by Cave Creek near the well-named Ashdale ranger station.","Maricopa County, AZ, USA",33.9620783333,-111.8760566667,"Oleaceae, Tonto NF","velvet ash","https://www.inaturalist.org/observations/7853872","https://static.inaturalist.org/photos/10343505/medium.jpg?1504998045","stevejones",7853872,"velvet ash","Plantae",64132,"false",1,0,"2017/09/07 10:49 AM MST","2017-09-07","2017-09-07 16:49:00 UTC","Mountain Time (US & Canada)",NA,NA,NA,"false","","",NA,168545,"2017-09-09 23:17:18 UTC","2017-09-13 16:37:18 UTC","research","CC-BY-NC",NA,NA,"false"
"Fraxinus velutina","2017-09-07 09:20:00 -0600","","Maricopa County, AZ, USA",33.966965,-111.8868883333,"Oleaceae, Tonto NF","velvet ash","https://www.inaturalist.org/observations/7853832","https://static.inaturalist.org/photos/10343347/medium.jpg?1504997855","stevejones",7853832,"velvet ash","Plantae",64132,"false",1,0,"2017/09/07 9:20 AM MST","2017-09-07","2017-09-07 15:20:00 UTC","Mountain Time (US & Canada)",NA,NA,NA,"false","","",NA,168545,"2017-09-09 23:16:28 UTC","2017-09-13 16:50:48 UTC","research","CC-BY-NC",NA,NA,"false"
"Fraxinus velutina","2017-04-15 10:34:15 -0700","","Red Rock Canyon National Conservation Area, Las Vegas, Nevada",36.158217,-115.425131,"","velvet ash","https://www.inaturalist.org/observations/7612075","https://static.inaturalist.org/photos/9949718/medium.jpeg?1503455724","matthew_salkiewicz",7612075,"velvet ash","Plantae",64132,"false",1,0,"2017-04-15 10:34:15","2017-04-15","2017-04-15 17:34:15 UTC","Pacific Time (US & Canada)",107,NA,NA,"false","","",NA,16576,"2017-08-23 02:35:26 UTC","2017-08-23 04:32:22 UTC","research","CC-BY-NC",NA,NA,"false"
"Fraxinus velutina","2017-08-06 11:04:00 -0600","","Maricopa, Arizona, United States",33.96637,-111.8850416667,"Oleaceae, Tonto NF","velvet ash","https://www.inaturalist.org/observations/7388521","https://static.inaturalist.org/photos/9590022/medium.jpg?1502078864","stevejones",7388521,"velvet ash","Plantae",64132,"false",1,0,"2017/08/06 11:04 AM MST","2017-08-06","2017-08-06 17:04:00 UTC","Mountain Time (US & Canada)",NA,NA,NA,"false","","",NA,168545,"2017-08-07 04:18:05 UTC","2017-08-21 02:55:03 UTC","research","CC-BY-NC",NA,NA,"false"
"Fraxinus velutina","2017-07-24 17:40:57 -0700","Fresno","Hermosillo, MX-SO, MX",29.0899416667,-110.9690383333,"","velvet ash","http://conabio.inaturalist.org/observations/7203643","https://static.inaturalist.org/photos/9292367/medium.jpg?1501000225","alannavarrophd",7203643,"Fraxinus velutina","Plantae",64132,"false",1,0,"Mon Jul 24 2017 17:40:57 GMT-0700 (GMT-7)","2017-07-24","2017-07-25 00:40:57 UTC","Arizona",NA,NA,NA,"false","","",NA,525285,"2017-07-25 16:27:01 UTC","2017-07-31 22:24:37 UTC","research","CC-BY-NC",NA,3,"false"
"Fraxinus velutina","2017-07-11 16:13:45 -0600","","Coronado National Forest, Hereford, AZ, US",31.4325,-110.2844083333,"","velvet ash","https://www.inaturalist.org/observations/7169505","https://static.inaturalist.org/photos/9238121/medium.jpg?1500790136","ck2az",7169505,"velvet ash","Plantae",64132,"false",1,0,"Tue Jul 11 2017 16:13:45 GMT-0700 (MST)","2017-07-11","2017-07-11 22:13:45 UTC","Mountain Time (US & Canada)",NA,NA,NA,"false","","",NA,264009,"2017-07-23 06:08:35 UTC","2017-08-17 22:08:23 UTC","research","CC-BY",NA,3,"false"
"Fraxinus velutina","2017-07-11 16:06:22 -0600","","Coronado National Forest, Hereford, AZ, US",31.4332966667,-110.28308,"","velvet ash","https://www.inaturalist.org/observations/7153363","https://static.inaturalist.org/photos/9212695/medium.jpg?1500698402","ck2az",7153363,"velvet ash","Plantae",64132,"false",1,0,"Tue Jul 11 2017 16:06:22 GMT-0700 (MST)","2017-07-11","2017-07-11 22:06:22 UTC","Mountain Time (US & Canada)",NA,NA,NA,"false","","",NA,264009,"2017-07-22 04:39:14 UTC","2017-08-17 22:08:02 UTC","research","CC-BY",NA,3,"false"
"Fraxinus velutina","2017-07-11 18:05:13 -0600","","Coronado National Forest, Hereford, AZ, US",31.42782,-110.2962116667,"","velvet ash","https://www.inaturalist.org/observations/7034153","https://static.inaturalist.org/photos/9024282/medium.jpg?1499928064","ck2az",7034153,"velvet ash","Plantae",64132,"false",1,0,"Tue Jul 11 2017 18:05:13 GMT-0700 (MST)","2017-07-11","2017-07-12 00:05:13 UTC","Mountain Time (US & Canada)",NA,NA,NA,"false","","",NA,264009,"2017-07-13 06:39:50 UTC","2017-07-13 20:57:34 UTC","research","CC-BY",NA,3,"false"
"Fraxinus velutina","2017-07-10 12:48:01 -0600","","688–892 S Arizona St, Bisbee, AZ, US",31.4066665895,-109.8803411593,"","velvet ash","https://www.inaturalist.org/observations/7016590","https://static.inaturalist.org/photos/8995091/medium.jpg?1499809375","ck2az",7016590,"velvet ash","Plantae",64132,"false",1,0,"Mon Jul 10 2017 12:48:01 GMT-0700 (MST)","2017-07-10","2017-07-10 18:48:01 UTC","Mountain Time (US & Canada)",24,NA,NA,"false","","",NA,264009,"2017-07-11 21:40:02 UTC","2017-07-13 20:57:25 UTC","research","CC-BY",NA,3,"false"
"Fraxinus velutina","2017-07-10 17:19:42 -0600","","Coronado National Forest, Hereford, AZ, US",31.4033583333,-110.2528533333,"","velvet ash","https://www.inaturalist.org/observations/7013752","https://static.inaturalist.org/photos/8990875/medium.jpg?1499793474","ck2az",7013752,"velvet ash","Plantae",64132,"false",1,0,"Mon Jul 10 2017 17:19:42 GMT-0700 (MST)","2017-07-10","2017-07-10 23:19:42 UTC","Mountain Time (US & Canada)",NA,NA,NA,"false","","",NA,264009,"2017-07-11 17:17:18 UTC","2017-07-13 20:57:22 UTC","research","CC-BY",NA,3,"false"
"Fraxinus velutina","2017-06-03 15:09:08 -0600","","Coronado National Forest, Hereford, AZ, US",31.4272133333,-110.3032833333,"","velvet ash","https://www.inaturalist.org/observations/6967664","https://static.inaturalist.org/photos/8912995/medium.jpg?1499530070","ck2az",6967664,"velvet ash","Plantae",64132,"false",1,0,"Sat Jun 03 2017 15:09:08 GMT-0700 (MST)","2017-06-03","2017-06-03 21:09:08 UTC","Mountain Time (US & Canada)",NA,NA,NA,"false","","",NA,264009,"2017-07-08 16:07:36 UTC","2017-07-13 20:58:43 UTC","research","CC-BY",NA,3,"false"
"Fraxinus velutina","2017-07-05 14:30:57 -0600","","Fort Huachuca, Sierra Vista, AZ, US",31.5647083333,-110.365975,"","velvet ash","https://www.inaturalist.org/observations/6937560","https://static.inaturalist.org/photos/8864829/medium.jpg?1499304547","ck2az",6937560,"velvet ash","Plantae",64132,"false",1,0,"Wed Jul 05 2017 14:30:57 GMT-0700 (MST)","2017-07-05","2017-07-05 20:30:57 UTC","Mountain Time (US & Canada)",NA,NA,NA,"false","","",NA,264009,"2017-07-06 01:28:42 UTC","2017-07-13 20:59:43 UTC","research","CC-BY",NA,3,"false"
"Fraxinus velutina","2017-07-05 14:33:55 -0600","","Fort Huachuca, Sierra Vista, AZ, US",31.5645216667,-110.3666383333,"","velvet ash","https://www.inaturalist.org/observations/6937517","https://static.inaturalist.org/photos/8864768/medium.jpg?1499304309","ck2az",6937517,"velvet ash","Plantae",64132,"false",1,0,"Wed Jul 05 2017 14:33:55 GMT-0700 (MST)","2017-07-05","2017-07-05 20:33:55 UTC","Mountain Time (US & Canada)",NA,NA,NA,"false","","",NA,264009,"2017-07-06 01:25:00 UTC","2017-07-13 21:01:25 UTC","research","CC-BY",NA,3,"false"
"Fraxinus velutina","2015-09-15 00:00:00 -0700","","Yavapai County, AZ, USA",34.2782122644,-112.0523071289,"","velvet ash","https://www.inaturalist.org/observations/6912949","https://static.inaturalist.org/photos/8825906/medium.jpeg?1499145656","joshuagsmith",6912949,"velvet ash","Plantae",64132,"false",1,0,"2015/09/15","2015-09-15","","Mountain Time (US & Canada)",977,NA,NA,"false","","",NA,269952,"2017-07-04 05:21:20 UTC","2017-07-04 05:41:29 UTC","research","CC-BY-NC",NA,NA,"false"
"Fraxinus velutina","2017-06-27 15:51:23 -0600","","Coronado National Forest, Hereford, AZ, US",31.41708,-110.2742216667,"","velvet ash","https://www.inaturalist.org/observations/6839116","https://static.inaturalist.org/photos/8710859/medium.jpg?1498686281","ck2az",6839116,"","Plantae",64132,"false",1,0,"Tue Jun 27 2017 15:51:23 GMT-0700 (MST)","2017-06-27","2017-06-27 21:51:23 UTC","Mountain Time (US & Canada)",NA,NA,NA,"false","","",NA,264009,"2017-06-28 21:43:28 UTC","2017-07-02 18:40:15 UTC","research","CC-BY",NA,3,"false"
"Fraxinus velutina","2017-06-23 12:45:13 -0700","","Tulare County, US-CA, US",35.9622020508,-118.4765273799,"","velvet ash","https://www.inaturalist.org/observations/6810140","https://static.inaturalist.org/photos/8665801/medium.jpg?1498499720","agmuniz",6810140,"velvet ash","Plantae",64132,"false",1,0,"Fri Jun 23 2017 12:45:13 GMT-0700 (PDT)","2017-06-23","2017-06-23 19:45:13 UTC","Pacific Time (US & Canada)",30,NA,NA,"false","","",NA,513025,"2017-06-26 17:55:13 UTC","2018-05-17 19:51:32 UTC","research","",NA,3,"false"
"Fraxinus velutina","2017-06-10 11:21:12 -0700","","San Diego, California, United States",32.844886,-117.198806,"Arizona Ash (Fraxinus velutina), Marian Bear Memorial Park, San Diego, CA, 6-10-17","velvet ash","https://www.inaturalist.org/observations/6750687","https://static.inaturalist.org/photos/8575619/medium.jpg?1498103021","jaykeller",6750687,"velvet ash","Plantae",64132,"false",1,0,"2017-06-10 11:21:12","2017-06-10","2017-06-10 18:21:12 UTC","Pacific Time (US & Canada)",NA,NA,NA,"false","","",NA,27743,"2017-06-22 03:42:56 UTC","2017-06-22 15:11:48 UTC","research","",NA,NA,"false"
"Fraxinus velutina","2017-06-17 13:29:44 -0600","","Yavapai County, US-AZ, US",34.5307224,-112.4876301,"","velvet ash","https://www.inaturalist.org/observations/6695003","https://static.inaturalist.org/photos/8490503/medium.jpeg?1497733114","sonoranaturalist",6695003,"velvet ash","Plantae",64132,"false",1,0,"2017-06-17 1:29:44 PM MST","2017-06-17","2017-06-17 19:29:44 UTC","Mountain Time (US & Canada)",3220,NA,NA,"false","","",NA,306074,"2017-06-17 20:58:17 UTC","2017-06-18 01:42:44 UTC","research","CC-BY-NC",NA,2,"false"
"Fraxinus velutina","2017-06-12 08:23:00 -0600","","Maricopa, Arizona, United States",33.9634233333,-111.872395,"Oleaceae, Tonto NF","velvet ash","https://www.inaturalist.org/observations/6675992","https://static.inaturalist.org/photos/8461024/medium.jpg?1497581975","stevejones",6675992,"velvet ash","Plantae",64132,"false",1,0,"2017/06/12 8:23 AM MST","2017-06-12","2017-06-12 14:23:00 UTC","Mountain Time (US & Canada)",NA,NA,NA,"false","","",NA,168545,"2017-06-16 03:09:31 UTC","2017-06-16 13:47:20 UTC","research","CC-BY-NC",NA,NA,"false"
"Fraxinus velutina","2017-06-09 07:27:29 -0600","","Maricopa County, US-AZ, US",33.9682125654,-111.8651649839,"","velvet ash","https://www.inaturalist.org/observations/6562388","https://static.inaturalist.org/photos/8322983/medium.jpeg?1497030265","sonoranaturalist",6562388,"velvet ash","Plantae",64132,"false",1,0,"2017-06-09 7:27:29 AM MST","2017-06-09","2017-06-09 13:27:29 UTC","Mountain Time (US & Canada)",8,NA,NA,"false","","",NA,306074,"2017-06-09 17:38:45 UTC","2017-06-10 14:01:17 UTC","research","CC-BY-NC",NA,2,"false"
"Fraxinus velutina","2017-06-03 17:10:56 -0600","","Coronado National Forest, Hereford, AZ, US",31.4336116667,-110.2832033333,"","velvet ash","https://www.inaturalist.org/observations/6504815","https://static.inaturalist.org/photos/8234178/medium.jpg?1496638838","ck2az",6504815,"velvet ash","Plantae",64132,"false",1,0,"Sat Jun 03 2017 17:10:56 GMT-0700 (MST)","2017-06-03","2017-06-03 23:10:56 UTC","Mountain Time (US & Canada)",NA,NA,NA,"false","","",NA,264009,"2017-06-05 04:59:57 UTC","2018-01-23 22:54:43 UTC","research","CC-BY",NA,3,"false"
"Fraxinus velutina","2017-05-28 06:30:00 -0600","","Arnold Canyon, Prescott NF, Yavapai County, AZ, USA",34.4540138889,-111.9295111111,"","velvet ash","https://www.inaturalist.org/observations/6480257","https://static.inaturalist.org/photos/8195924/medium.jpeg?1496505160","hemispingus",6480257,"velvet ash","Plantae",64132,"false",2,0,"2017/05/28 6:30 AM MST","2017-05-28","2017-05-28 12:30:00 UTC","Mountain Time (US & Canada)",NA,NA,NA,"false","","",NA,321597,"2017-06-03 15:59:25 UTC","2017-10-29 23:31:11 UTC","research","CC0",NA,NA,"false"
"Fraxinus velutina","2017-05-15 17:08:45 -0500","Zion National Park. Around 5000' elevation. ","Zion National Park, Hurricane, UT, US",37.2696427615,-112.9363340887,"","velvet ash","https://www.inaturalist.org/observations/6479918","https://static.inaturalist.org/photos/8195663/medium.jpg?1496503975","zac417",6479918,"velvet ash","Plantae",64132,"false",1,0,"Mon May 15 2017 17:08:45 GMT-0500 (CDT)","2017-05-15","2017-05-15 22:08:45 UTC","Central Time (US & Canada)",376,NA,NA,"false","","",NA,294371,"2017-06-03 15:32:06 UTC","2017-06-13 06:13:30 UTC","research","CC-BY-NC-ND",NA,3,"false"
"Fraxinus velutina","2017-05-27 17:11:29 -0600","","Coronado National Forest, Thatcher, AZ, US",32.6675033333,-109.7971716667,"","velvet ash","https://www.inaturalist.org/observations/6413563","https://static.inaturalist.org/photos/8093343/medium.jpg?1496038919","ck2az",6413563,"velvet ash","Plantae",64132,"false",1,0,"Sat May 27 2017 17:11:29 GMT-0700 (MST)","2017-05-27","2017-05-27 23:11:29 UTC","Mountain Time (US & Canada)",NA,NA,NA,"false",NA,NA,NA,264009,"2017-05-29 06:19:48 UTC","2017-07-14 02:56:24 UTC","research","CC-BY",NA,3,"false"
"Fraxinus velutina","2017-05-07 13:50:47 -0600","","Coronado National Forest, Mount Lemmon, AZ, US",32.3237416667,-110.807,"","velvet ash","https://www.inaturalist.org/observations/6411250","https://static.inaturalist.org/photos/8089810/medium.jpg?1496024093","ck2az",6411250,"velvet ash","Plantae",64132,"false",1,0,"Sun May 07 2017 13:50:47 GMT-0700 (MST)","2017-05-07","2017-05-07 19:50:47 UTC","Mountain Time (US & Canada)",NA,NA,NA,"false",NA,NA,NA,264009,"2017-05-29 02:13:51 UTC","2017-07-14 02:56:21 UTC","research","CC-BY",NA,3,"false"
"Fraxinus velutina","2017-05-07 13:49:42 -0600","","Coronado National Forest, Mount Lemmon, AZ, US",32.3236666667,-110.8075333333,"","velvet ash","https://www.inaturalist.org/observations/6411150","https://static.inaturalist.org/photos/8089754/medium.jpg?1496023826","ck2az",6411150,"velvet ash","Plantae",64132,"false",1,0,"Sun May 07 2017 13:49:42 GMT-0700 (MST)","2017-05-07","2017-05-07 19:49:42 UTC","Mountain Time (US & Canada)",NA,NA,NA,"false",NA,NA,NA,264009,"2017-05-29 02:10:08 UTC","2017-07-14 02:56:21 UTC","research","CC-BY",NA,3,"false"
"Fraxinus velutina","2017-05-26 10:48:00 -0600","","Yavapai County, AZ, USA",34.1161216667,-111.8525583333,"Oleaceae, Tonto NF","velvet ash","https://www.inaturalist.org/observations/6404462","https://static.inaturalist.org/photos/8079460/medium.jpg?1495999259","stevejones",6404462,"velvet ash","Plantae",64132,"false",1,0,"2017/05/26 10:48 AM MST","2017-05-26","2017-05-26 16:48:00 UTC","Mountain Time (US & Canada)",NA,NA,NA,"false",NA,NA,NA,168545,"2017-05-28 19:23:30 UTC","2017-06-13 06:18:47 UTC","research","CC-BY-NC",NA,NA,"false"
"Fraxinus velutina","2017-05-27 11:29:46 -0600","","I-10 E, Dragoon, AZ, US",32.041875,-110.0930778333,"","velvet ash","https://www.inaturalist.org/observations/6403826","https://static.inaturalist.org/photos/8078864/medium.jpg?1495997694","ck2az",6403826,"velvet ash","Plantae",64132,"false",1,0,"Sat May 27 2017 11:29:46 GMT-0700 (MST)","2017-05-27","2017-05-27 17:29:46 UTC","Mountain Time (US & Canada)",NA,NA,NA,"false",NA,NA,NA,264009,"2017-05-28 18:53:33 UTC","2017-07-14 02:56:16 UTC","research","CC-BY",NA,3,"false"
"Fraxinus velutina","2017-05-23 10:32:00 -0600","","Yavapai County, AZ, USA",34.4553483333,-112.53723,"Oleaceae, Prescott NF","velvet ash","https://www.inaturalist.org/observations/6360672","https://static.inaturalist.org/photos/8022097/medium.jpg?1495746511","stevejones",6360672,"velvet ash","Plantae",64132,"false",1,0,"2017/05/23 10:32 AM MST","2017-05-23","2017-05-23 16:32:00 UTC","Mountain Time (US & Canada)",NA,NA,NA,"false",NA,NA,NA,168545,"2017-05-25 21:15:30 UTC","2017-06-13 06:20:44 UTC","research","CC-BY-NC",NA,NA,"false"
"Fraxinus velutina","2017-05-07 12:56:12 -0600","","Coronado National Forest, Mount Lemmon, AZ, US",32.3227216667,-110.8097616667,"","velvet ash","https://www.inaturalist.org/observations/6161390","https://static.inaturalist.org/photos/7725725/medium.jpg?1494436746","ck2az",6161390,"velvet ash","Plantae",64132,"false",2,0,"Sun May 07 2017 12:56:12 GMT-0700 (MST)","2017-05-07","2017-05-07 18:56:12 UTC","Mountain Time (US & Canada)",NA,NA,NA,"false",NA,NA,NA,264009,"2017-05-10 17:18:51 UTC","2017-07-14 03:11:18 UTC","research","CC-BY",NA,3,"false"
"Fraxinus velutina","2017-05-07 13:54:55 -0600","","Coronado National Forest, Mount Lemmon, AZ, US",32.3247966667,-110.80593,"","velvet ash","https://www.inaturalist.org/observations/6161195","https://static.inaturalist.org/photos/7725425/medium.jpg?1494435334","ck2az",6161195,"velvet ash","Plantae",64132,"false",1,0,"Sun May 07 2017 13:54:55 GMT-0700 (MST)","2017-05-07","2017-05-07 19:54:55 UTC","Mountain Time (US & Canada)",NA,NA,NA,"false",NA,NA,NA,264009,"2017-05-10 16:55:18 UTC","2017-07-14 03:11:16 UTC","research","CC-BY",NA,3,"false"
"Fraxinus velutina","2017-05-07 14:19:29 -0600","","Coronado National Forest, Mount Lemmon, AZ, US",32.3235083333,-110.8077916667,"","velvet ash","https://www.inaturalist.org/observations/6158499","https://static.inaturalist.org/photos/7721861/medium.jpg?1494397120","ck2az",6158499,"velvet ash","Plantae",64132,"false",1,0,"Sun May 07 2017 14:19:29 GMT-0700 (MST)","2017-05-07","2017-05-07 20:19:29 UTC","Mountain Time (US & Canada)",NA,NA,NA,"false",NA,NA,NA,264009,"2017-05-10 06:18:13 UTC","2017-07-14 03:11:12 UTC","research","CC-BY",NA,3,"false"
"Fraxinus velutina","2017-05-07 14:29:16 -0600","","Coronado National Forest, Mount Lemmon, AZ, US",32.3234583333,-110.8080366667,"","velvet ash","https://www.inaturalist.org/observations/6152365","https://static.inaturalist.org/photos/7712285/medium.jpg?1494356478","ck2az",6152365,"velvet ash","Plantae",64132,"false",1,0,"Sun May 07 2017 14:29:16 GMT-0700 (MST)","2017-05-07","2017-05-07 20:29:16 UTC","Mountain Time (US & Canada)",NA,NA,NA,"false",NA,NA,NA,264009,"2017-05-09 19:00:21 UTC","2017-07-14 03:12:28 UTC","research","CC-BY",NA,3,"false"
"Fraxinus velutina","2017-05-07 14:30:11 -0600","","Coronado National Forest, Mount Lemmon, AZ, US",32.3234283333,-110.8081583333,"","velvet ash","https://www.inaturalist.org/observations/6152352","https://static.inaturalist.org/photos/7712187/medium.jpg?1494356281","ck2az",6152352,"velvet ash","Plantae",64132,"false",1,0,"Sun May 07 2017 14:30:11 GMT-0700 (MST)","2017-05-07","2017-05-07 20:30:11 UTC","Mountain Time (US & Canada)",NA,NA,NA,"false",NA,NA,NA,264009,"2017-05-09 18:57:57 UTC","2017-07-14 03:12:28 UTC","research","CC-BY",NA,3,"false"
"Fraxinus velutina","2015-09-06 13:26:00 -0700","Gila County, Arizona, US","Carrizo Creek at Hwy 60",33.9864183333,-110.2818266667,"Plants (Kingdom Plantae)","velvet ash","https://www.inaturalist.org/observations/6122588","https://static.inaturalist.org/photos/7665212/medium.jpg?1494136456","finatic",6122588,"velvet ash","Plantae",64132,"false",1,0,"2015/09/06 1:26 PM PDT","2015-09-06","2015-09-06 20:26:00 UTC","Pacific Time (US & Canada)",NA,NA,NA,"false",NA,NA,NA,10285,"2017-05-07 05:59:47 UTC","2017-05-08 14:28:33 UTC","research","CC-BY-NC",NA,NA,"false"
"Fraxinus velutina","2016-05-15 09:08:00 -0600","","Yavapai County, AZ, USA",34.6477900933,-111.7518460751,"","velvet ash","https://www.inaturalist.org/observations/6097446","https://static.inaturalist.org/photos/7627652/medium.jpg?1493957345","jasoncleghorn",6097446,"velvet ash","Plantae",64132,"false",1,0,"2016/05/15 9:08 AM MST","2016-05-15","2016-05-15 15:08:00 UTC","Mountain Time (US & Canada)",31,NA,NA,"false",NA,NA,NA,459258,"2017-05-05 04:09:31 UTC","2018-04-18 18:47:18 UTC","research","CC-BY-NC",NA,NA,"false"
"Fraxinus velutina","2017-04-20 14:38:41 -0600","","Beaver Creek Road Rimrock, AZ 86335",34.64794734,-111.76254975,"","velvet ash","https://www.inaturalist.org/observations/5877316","https://static.inaturalist.org/photos/7323677/medium.jpeg?1492724479","hannah30",5877316,"Velvet Ash","Plantae",64132,"false",1,0,"2017-04-20 2:38:41 PM MST","2017-04-20","2017-04-20 20:38:41 UTC","Mountain Time (US & Canada)",23,NA,NA,"false",NA,NA,NA,241487,"2017-04-20 21:40:03 UTC","2017-04-26 02:16:03 UTC","research","",NA,2,"false"
"Fraxinus velutina","2017-04-18 12:52:00 -0500","","North Austin, Austin, TX, USA",30.3994747432,-97.6811567545,"","velvet ash","https://www.inaturalist.org/observations/5852235","https://static.inaturalist.org/photos/7284264/medium.jpeg?1492610098","rakoonz",5852235,"Velvet Ash","Plantae",64132,"false",1,0,"2017/04/18 12:52 PM CDT","2017-04-18","2017-04-18 17:52:00 UTC","Central Time (US & Canada)",4,NA,NA,"false",NA,NA,NA,447964,"2017-04-19 14:08:14 UTC","2017-04-20 03:37:12 UTC","research","CC-BY-NC",NA,NA,"false"
"Fraxinus velutina","2017-03-26 15:15:00 -0700","","San Bernardino County, CA, USA",34.0366253197,-116.133439689,"","velvet ash","https://www.inaturalist.org/observations/5561120","https://static.inaturalist.org/photos/6866141/medium.jpg?1491267976","bradwinckelmann",5561120,"Velvet Ash","Plantae",64132,"false",1,0,"2017/03/26 3:15 PM PDT","2017-03-26","2017-03-26 22:15:00 UTC","Pacific Time (US & Canada)",2,NA,NA,"false",NA,NA,NA,187669,"2017-04-04 01:08:31 UTC","2017-04-04 01:53:30 UTC","research","CC-BY-NC",NA,NA,"false"
"Fraxinus velutina","2016-12-12 12:27:45 -0800","The only species of Ash native to Nevada ","Spring Mountain Ranch State Park, Las Vegas, NV, US",36.0686305,-115.4562916667,"","velvet ash","http://www.inaturalist.org/observations/4766077","https://static.inaturalist.org/photos/5802088/medium.jpg?1481601152","dpom",4766077,"velvet ash","Plantae",64132,"false",2,0,"Mon Dec 12 2016 12:27:45 GMT-0800 (PST)","2016-12-12","2016-12-12 20:27:45 UTC","Pacific Time (US & Canada)",NA,NA,NA,"false",NA,NA,NA,16101,"2016-12-13 03:51:36 UTC","2017-12-05 01:17:10 UTC","research","CC-BY-NC",NA,3,"false"
"Fraxinus velutina","2016-12-01 10:32:00 -0800","          ","Los Angeles County, CA, USA",34.1004044711,-118.7342262268,"","velvet ash","http://www.inaturalist.org/observations/4675702","https://static.inaturalist.org/photos/5665320/medium.jpeg?1480649336","tiyumq",4675702,"velvet ash","Plantae",64132,"false",1,0,"2016/12/01 10:32 AM PST","2016-12-01","2016-12-01 18:32:00 UTC","Pacific Time (US & Canada)",15,NA,NA,"false",NA,NA,NA,220046,"2016-12-02 04:03:48 UTC","2017-10-28 12:40:40 UTC","research","CC-BY-NC",NA,NA,"false"
"Fraxinus velutina","2016-11-29 13:48:04 -0600","Fresno","Guanaceví, MX-DU, MX",25.860217,-106.224338,"","velvet ash","http://www.inaturalist.org/observations/4673305","https://static.inaturalist.org/photos/5661392/medium.jpg?1480628648","betovba",4673305,"Fraxinus velutina","Plantae",64132,"false",2,0,"mar nov 29 2016 13:48:04 GMT-0600 (GMT-6)","2016-11-29","2016-11-29 19:48:04 UTC","Central America",5,NA,NA,"false",NA,NA,NA,53692,"2016-12-01 21:43:27 UTC","2017-12-04 17:11:52 UTC","research","CC-BY-NC",NA,10,"false"
"Fraxinus velutina","2016-09-11 13:28:00 -0700","Whitewater Preserve 09/11/2016","Riverside County, CA, USA",33.9897257709,-116.6568942368,"","velvet ash","http://www.inaturalist.org/observations/4092204","https://static.inaturalist.org/photos/4857877/medium.jpg?1473661036","kimssight",4092204,"velvet ash","Plantae",64132,"false",2,0,"2016/09/11 1:28 PM PDT","2016-09-11","2016-09-11 20:28:00 UTC","Pacific Time (US & Canada)",78,NA,NA,"false",NA,NA,NA,80984,"2016-09-12 06:24:07 UTC","2018-03-02 00:13:21 UTC","research","CC-BY-NC",NA,NA,"false"
"Fraxinus velutina","2016-08-26 11:52:00 -0600","","Maricopa County, AZ, USA",33.92153,-111.4139,"Oleaceae, Tonto NF","velvet ash","http://www.inaturalist.org/observations/3981921","https://static.inaturalist.org/photos/4698750/medium.jpg?1472414155","stevejones",3981921,"velvet ash","Plantae",64132,"false",1,0,"2016/08/26 11:52 AM MST","2016-08-26","2016-08-26 17:52:00 UTC","Mountain Time (US & Canada)",NA,NA,NA,"false",NA,NA,NA,168545,"2016-08-28 20:07:33 UTC","2017-10-29 23:29:51 UTC","research","CC-BY-NC",NA,NA,"false"
"Fraxinus velutina","2016-08-21 12:11:00 -0600","With little in flower at Seven Springs, I made a short study of tree leaf undersides.","Seven Springs, AZ, USA",33.96585,-111.86469,"Oleaceae, Tonto NF","velvet ash","http://www.inaturalist.org/observations/3942243","https://static.inaturalist.org/photos/4643443/medium.jpg?1471899558","stevejones",3942243,"velvet ash","Plantae",64132,"false",1,0,"2016/08/21 12:11 PM MST","2016-08-21","2016-08-21 18:11:00 UTC","Mountain Time (US & Canada)",NA,NA,NA,"false",NA,NA,NA,168545,"2016-08-22 21:21:53 UTC","2017-10-29 23:29:00 UTC","research","CC-BY-NC",NA,NA,"false"
"Fraxinus velutina","2016-07-16 00:00:00 -0800","","Cave Creek Canyon, Arizona 85632, USA",31.8962033,-109.1636719,"","velvet ash","http://www.inaturalist.org/observations/3744531","https://static.inaturalist.org/photos/4354848/medium.jpeg?1469469550","hfabian",3744531,"Velvet Ash","Plantae",64132,"false",1,0,"7/16/16","2016-07-16","","Pacific Time (US & Canada)",1841,NA,NA,"false",NA,NA,NA,3342,"2016-07-25 18:00:00 UTC","2016-11-20 02:27:25 UTC","research","",NA,NA,"false"
"Fraxinus velutina","2016-05-21 12:25:05 -0600","","Yavapai County, US-AZ, US",34.2255551172,-112.0957950121,"","velvet ash","http://www.inaturalist.org/observations/3266055","https://static.inaturalist.org/photos/3777014/medium.jpg?1463900506","lisazander",3266055,"Fraxinus velutina","Plantae",64132,"false",1,0,"Sat May 21 2016 12:25:05 GMT-0700 (MST)","2016-05-21","2016-05-21 18:25:05 UTC","Mountain Time (US & Canada)",5,NA,NA,"false",NA,NA,NA,122283,"2016-05-22 07:00:41 UTC","2016-05-31 23:40:26 UTC","research","",NA,3,"false"
"Fraxinus velutina","2016-05-21 15:22:17 -0700","","Malibu Creek, Malibu Creek State Park, Santa Monica Mountains National Recreation Area, Los Angeles, California, United States",34.1026277778,-118.738175,"","velvet ash","http://www.inaturalist.org/observations/3264245","https://static.inaturalist.org/photos/3774440/medium.JPG?1463887872","terrydad2",3264245,"Velvet Ash","Plantae",64132,"false",1,0,"2016-05-21 15:22:17","2016-05-21","2016-05-21 22:22:17 UTC","Pacific Time (US & Canada)",NA,NA,NA,"false",NA,NA,NA,235118,"2016-05-22 03:31:10 UTC","2016-05-22 05:26:13 UTC","research","CC-BY-NC",NA,NA,"false"
"Fraxinus velutina","2016-05-14 00:00:00 -0700","","Chiricahua National Monument",32.009395,-109.375544,"","velvet ash","http://www.inaturalist.org/observations/3235028","https://static.inaturalist.org/photos/3744169/medium.JPG?1463782889","phacelialinearis",3235028,"Velvet Ash","Plantae",64132,"false",1,0,"2016-05-14","2016-05-14","","Arizona",7,NA,NA,"false",NA,NA,NA,173114,"2016-05-20 22:21:27 UTC","2016-11-20 02:21:16 UTC","research","CC-BY-NC",NA,NA,"false"
"Fraxinus velutina","2016-05-04 00:00:00 -0800","elevation 2,200'. ","Whitewater Preserve, Sand to Snow National Monument, CA",33.98999,-116.65787,"","velvet ash","http://www.inaturalist.org/observations/3117100","https://static.inaturalist.org/photos/3604523/medium.JPG?1462597113","nofrakes",3117100,"Velvet Ash","Plantae",64132,"false",1,0,"2016-05-04","2016-05-04","","Pacific Time (US & Canada)",NA,NA,NA,"false",NA,NA,NA,153982,"2016-05-07 04:58:29 UTC","2018-03-02 00:13:25 UTC","research","CC-BY-NC",NA,NA,"false"
"Fraxinus velutina","2016-04-06 00:00:00 -0600","A grove of sapling ash trees in the canyon above the General Hitchcock Camping Area.","Gen. Hitchcock Camping Area, Mt. Lemmon Hwy, Pima Co., AZ",32.378149,-110.683565,"","velvet ash","http://www.inaturalist.org/observations/3080532","https://static.inaturalist.org/photos/3552327/medium.jpg?1462201596","gcwarbler",3080532,"Velvet Ash","Plantae",64132,"false",1,0,"2016-04-06","2016-04-06","","Central Time (US & Canada)",223,NA,NA,"false",NA,NA,NA,27047,"2016-05-02 15:06:33 UTC","2016-11-20 02:18:59 UTC","research","CC-BY-NC",NA,NA,"false"
"Fraxinus velutina","2016-04-14 00:00:00 -0600","","Rincon Creek",32.127897,-110.605749,"","velvet ash","http://www.inaturalist.org/observations/2957884","https://static.inaturalist.org/photos/3394350/medium.JPG?1460913856","entomo-logic",2957884,"Velvet Ash","Plantae",64132,"false",1,0,"2016-04-14","2016-04-14","","Central Time (US & Canada)",41,NA,NA,"false",NA,NA,NA,20834,"2016-04-17 17:24:10 UTC","2016-11-20 02:16:16 UTC","research","CC-BY-NC",NA,NA,"false"
"Fraxinus velutina","2016-03-26 00:00:00 -0700","","Fort Bowie National Historic Site",32.145625,-109.44058,"","velvet ash","http://www.inaturalist.org/observations/2838207","https://static.inaturalist.org/photos/3234421/medium.JPG?1459108868","phacelialinearis",2838207,"Velvet Ash","Plantae",64132,"false",1,0,"2016-03-26","2016-03-26","","Arizona",NA,NA,NA,"false",NA,NA,NA,173114,"2016-03-27 20:01:05 UTC","2016-11-20 02:11:55 UTC","research","CC-BY-NC",NA,NA,"false"
"Fraxinus velutina","2005-11-06 00:00:00 -0700","","",34.649098,-111.752702,"","velvet ash","http://www.inaturalist.org/observations/2665509","https://static.inaturalist.org/photos/2996654/medium.JPG?1455138315","hannawacker",2665509,"Velvet Ash","Plantae",64132,"false",1,0,"11/06/2005","2005-11-06","","Arizona",13,NA,NA,"false",NA,"",NA,37587,"2016-02-10 21:05:11 UTC","2017-05-19 23:34:38 UTC","research","CC0",NA,NA,"false"
"Fraxinus velutina","2015-11-22 12:25:24 -0800","","Crags Rd, Malibu Creek SP, CA",34.101394401,-118.7364090421,"","velvet ash","http://www.inaturalist.org/observations/2409282","https://static.inaturalist.org/photos/2688790/medium.jpg?1448237857","silversea_starsong",2409282,"Velvet Ash","Plantae",64132,"false",1,0,"Sun Nov 22 2015 12:25:24 GMT-0800 (PST)","2015-11-22","2015-11-22 20:25:24 UTC","Pacific Time (US & Canada)",5,NA,NA,"false",NA,"",NA,6971,"2015-11-23 00:13:39 UTC","2016-10-18 19:10:35 UTC","research","CC-BY-NC",NA,3,"false"
"Fraxinus velutina","2015-10-05 08:00:31 -0600","Fall in full glory here...","Coconino National Forest, Flagstaff, AZ, US",35.17628,-111.66738,"","velvet ash","http://www.inaturalist.org/observations/2076950","https://static.inaturalist.org/photos/2482476/medium.jpg?1444058198","robberfly",2076950,"Velvet Ash","Plantae",64132,"true",1,0,"Mon Oct 05 2015 08:00:31 GMT-0700 (MST)","2015-10-05","2015-10-05 14:00:31 UTC","Mountain Time (US & Canada)",NA,NA,NA,"false",NA,"",NA,13979,"2015-10-05 15:17:03 UTC","2016-12-18 03:30:20 UTC","research","CC-BY-NC",NA,3,"false"
"Fraxinus velutina","2015-07-26 12:22:20 -0700","","California, United States",34.296588,-118.0124,"","velvet ash","http://www.inaturalist.org/observations/1825959","https://static.inaturalist.org/photos/2215634/medium.jpg?1444459914","bbunny",1825959,"Velvet Ash","Plantae",64132,"false",1,0,"2015-07-26 12:22:20","2015-07-26","2015-07-26 19:22:20 UTC","Pacific Time (US & Canada)",NA,NA,NA,"false",NA,"",NA,1850,"2015-08-02 20:18:59 UTC","2015-11-24 13:38:10 UTC","research","CC-BY-NC",NA,NA,"false"
"Fraxinus velutina","2015-07-17 00:00:00 -0800","...I think that is what this is.","Oak Creek, Agoura Hills, CA, US",34.148171,-118.757314,"","velvet ash","http://www.inaturalist.org/observations/1775182","https://static.inaturalist.org/photos/2148185/medium.JPG?1437195570","silversea_starsong",1775182,"Velvet Ash","Plantae",64132,"true",1,0,"2015-07-17","2015-07-17","","Pacific Time (US & Canada)",5,NA,NA,"false",NA,"",NA,6971,"2015-07-18 04:59:24 UTC","2016-10-18 19:37:10 UTC","research","CC-BY-NC",NA,NA,"false"
"Fraxinus velutina","2015-06-08 00:00:00 -0500","","Ramsey Canyon Preserve, SeAZ",31.44525,-110.311875,"","velvet ash","http://www.inaturalist.org/observations/1768991","https://static.inaturalist.org/photos/2139234/medium.JPG?1444784656","chia",1768991,"Velvet Ash","Plantae",64132,"false",1,0,"2015-06-08","2015-06-08","","Eastern Time (US & Canada)",584,NA,NA,"false",NA,"",NA,4172,"2015-07-16 14:07:32 UTC","2016-12-24 19:06:09 UTC","research","CC-BY-NC",NA,NA,"false"
"Fraxinus velutina","2015-05-25 10:30:51 -0700","","Malibu Creek State Park, Agoura Hills, CA, US",34.096742,-118.743201,"","velvet ash","http://www.inaturalist.org/observations/1550157","https://static.inaturalist.org/photos/1920013/medium.JPG?1432685359","silversea_starsong",1550157,"Fraxinus velutina","Plantae",64132,"false",1,0,"Mon May 25 2015 10:30:51 GMT-0700 (PDT)","2015-05-25","2015-05-25 17:30:51 UTC","Pacific Time (US & Canada)",5,NA,NA,"false",NA,"",NA,6971,"2015-05-27 00:09:13 UTC","2016-10-18 19:58:54 UTC","research","CC-BY-NC",NA,NA,"false"
"Fraxinus velutina","2015-05-09 18:44:00 -0700","","Tejon Ranch",34.881962,-118.707236,"","velvet ash","http://www.inaturalist.org/observations/1480709","https://static.inaturalist.org/photos/1835553/medium.JPG?1431444891","silversea_starsong",1480709,"Fraxinus velutina","Plantae",64132,"false",1,0,"2015-05-09 18:44","2015-05-09","2015-05-10 01:44:00 UTC","Pacific Time (US & Canada)",10,NA,NA,"false",NA,"",NA,6971,"2015-05-12 15:34:36 UTC","2018-01-06 20:11:26 UTC","research","CC-BY-NC",NA,NA,"false"
"Fraxinus velutina","2015-05-03 13:01:26 -0600","","Box Canyon, Pima County, AZ",31.798574,-110.796347,"","velvet ash","http://www.inaturalist.org/observations/1452798","https://static.inaturalist.org/photos/1800400/medium.JPG?1430705604","trosenmeier",1452798,"Velvet Ash","Plantae",64132,"false",1,0,"2015-05-03 13:01:26","2015-05-03","2015-05-03 19:01:26 UTC","Mountain Time (US & Canada)",225,NA,NA,"false",NA,"",NA,19375,"2015-05-04 02:12:34 UTC","2016-12-28 21:30:58 UTC","research","CC-BY-NC",NA,NA,"false"
"Fraxinus velutina","2015-01-31 09:08:56 -0800","","Desert Wetlands Park, Las Vegas, NV, US",36.1007352965,-115.0205143915,"","velvet ash","http://www.inaturalist.org/observations/1204628","https://static.inaturalist.org/photos/1521401/medium.jpg?1422733656","iicollin456",1204628,"arizona ash","Plantae",64132,"false",1,0,"Sat Jan 31 2015 09:08:56 GMT-0800 (PST)","2015-01-31","2015-01-31 17:08:56 UTC","Pacific Time (US & Canada)",5,NA,NA,"false",NA,"",NA,73817,"2015-01-31 19:46:29 UTC","2015-01-31 20:01:37 UTC","research","CC-BY-NC",NA,3,"false"
"Fraxinus velutina","2015-01-31 09:08:51 -0800","","Desert Wetlands Park, Las Vegas, NV, US",36.1007111147,-115.0205608272,"","velvet ash","http://www.inaturalist.org/observations/1203919","https://static.inaturalist.org/photos/1520852/medium.jpg?1422726279","lovetodnc",1203919,"arizona ash","Plantae",64132,"false",1,0,"Sat Jan 31 2015 09:08:51 GMT-0800 (PST)","2015-01-31","2015-01-31 17:08:51 UTC","Pacific Time (US & Canada)",5,NA,NA,"false",NA,"",NA,73811,"2015-01-31 17:34:20 UTC","2015-01-31 19:01:17 UTC","research","CC-BY-NC",NA,3,"false"
"Fraxinus velutina","2014-10-08 16:06:46 -0700","Velvet Ash with early flowers.  Oleaceae.","Calico Basin, Las Vegas, NV",36.156795,-115.423804,"","velvet ash","http://www.inaturalist.org/observations/915857","https://static.inaturalist.org/photos/1168668/medium.JPG?1412879558","lonnyholmes",915857,"Fraxinus velutina","Plantae",64132,"true",1,0,"2014-10-08 16:06:46","2014-10-08","2014-10-08 23:06:46 UTC","Pacific Time (US & Canada)",NA,NA,NA,"false",NA,"",NA,53702,"2014-10-09 18:32:24 UTC","2015-08-12 05:06:51 UTC","research","CC-BY-NC",NA,NA,"false"
"Fraxinus velutina","2014-10-08 15:16:15 -0700","","Desert Wetlands Park, Las Vegas, NV, US",36.100636,-115.020576,"","velvet ash","http://www.inaturalist.org/observations/914776","https://static.inaturalist.org/photos/1172794/medium.jpg?1412972710","allison_j_brody",914776,"Arizona ash","Plantae",64132,"false",1,0,"Wed Oct 08 2014 15:16:15 GMT-0700 (PDT)","2014-10-08","2014-10-08 22:16:15 UTC","Pacific Time (US & Canada)",10,NA,NA,"false",NA,"",NA,53669,"2014-10-08 23:02:43 UTC","2014-10-28 00:21:41 UTC","research","CC-BY-NC",NA,3,"false"
"Fraxinus velutina","2014-09-04 00:00:00 -0600","","Chiricahua Mountains",31.937887,-109.287014,"","velvet ash","http://www.inaturalist.org/observations/882112","https://static.inaturalist.org/photos/1120201/medium.JPG?1410996554","kucycads",882112,"Arizona Ash","Plantae",64132,"false",1,0,"2014-09-04","2014-09-04","","Central Time (US & Canada)",225,NA,NA,"false",NA,"",NA,9531,"2014-09-17 23:29:11 UTC","2017-01-02 21:53:47 UTC","research","CC-BY-NC",NA,NA,"false"
"Fraxinus velutina","2014-08-08 15:50:41 -0600","","Zion National Park, Hurricane, UT, US",37.213897,-112.976402,"2014HohnRoadtrip","velvet ash","http://www.inaturalist.org/observations/823157","https://static.inaturalist.org/photos/1038858/medium.jpg?1407557254","charlie",823157,"velvet ash","Plantae",64132,"false",1,0,"Fri Aug 08 2014 15:50:41 GMT-0600 (MDT)","2014-08-08","2014-08-08 21:50:41 UTC","Mountain Time (US & Canada)",5,NA,NA,"false",NA,"",NA,2179,"2014-08-09 04:04:30 UTC","2017-10-17 03:39:17 UTC","research","CC0",NA,10,"false"
"Fraxinus velutina","2014-07-09 00:00:00 -0700","Mimbres River Valley south of Faywood, at Grant-Luna county line, New Mexico, USA.","Faywood, NM",32.576863,-107.920039,"","velvet ash","http://www.inaturalist.org/observations/779061","https://static.inaturalist.org/photos/979098/medium.jpg?1405177521","jnstuart",779061,"velvet ash","Plantae",64132,"false",1,0,"2014-07-09","2014-07-09","","Mountain Time (US & Canada)",111,NA,NA,"false",NA,"",NA,16823,"2014-07-12 15:05:15 UTC","2017-09-08 23:46:17 UTC","research","CC-BY-NC",NA,NA,"false"
"Fraxinus velutina","2014-04-05 14:18:17 -0700","","Pena Blanca Lake, Arizona",31.404779,-111.086652,"","velvet ash","http://www.inaturalist.org/observations/620214","https://static.inaturalist.org/photos/780138/medium.jpg?1444529070","jaykeller",620214,"Velvet Ash","Plantae",64132,"true",1,0,"2014-04-05 14:18:17","2014-04-05","2014-04-05 21:18:17 UTC","Pacific Time (US & Canada)",538,NA,NA,"false",NA,"google",NA,27743,"2014-04-12 04:48:36 UTC","2017-01-07 00:11:05 UTC","research","",NA,NA,"false"
"Fraxinus velutina","2014-04-01 00:00:00 -0800","Seen near the edge of a mixed oak-ash-cottonwood woodland. The height of this young specimen was about three meters.","Mississippi Bar",38.655879,-121.2012,"","velvet ash","http://www.inaturalist.org/observations/604157","https://static.inaturalist.org/photos/760990/medium.JPG?1396405294","c_michael_hogan",604157,"fraxinus velutina","Plantae",64132,"false",1,0,"2014-04-01","2014-04-01","","Pacific Time (US & Canada)",93,NA,NA,"false",NA,"",NA,4857,"2014-04-02 02:21:29 UTC","2017-10-04 12:42:48 UTC","research","CC-BY-NC-SA",NA,NA,"false"
"Fraxinus velutina","2010-10-31 00:00:00 -0700","Naturally growing at Red Spring, Calico Basin area, foothills of Spring Mountains, west of Las Vegas, Clark Co., Nevada, USA.

Not sure of species ID so leaving blank for the time-being.","calico basin nevada",36.147234,-115.411465,"","velvet ash","http://www.inaturalist.org/observations/452914","https://static.inaturalist.org/photos/571382/medium.jpg?1444322226","jnstuart",452914,"Velvet Ash","Plantae",64132,"false",1,0,"2010-10-31","2010-10-31","","Mountain Time (US & Canada)",1752,NA,NA,"false",NA,"",NA,16823,"2013-11-10 19:54:30 UTC","2014-10-27 21:58:39 UTC","research","CC-BY-NC",NA,NA,"false"
"Fraxinus velutina","2013-10-04 00:00:00 -0600","","Huachuca Canyon, Fort Huachuca",31.542077,-110.373491,"","velvet ash","http://www.inaturalist.org/observations/423510","https://static.inaturalist.org/photos/533661/medium.JPG?1381363637","kucycads",423510,"Velvet Ash (Fraxinus velutina)","Plantae",64132,"false",1,0,"2013-10-04","2013-10-04","","Central Time (US & Canada)",135,NA,NA,"false",NA,"",NA,9531,"2013-10-10 00:07:11 UTC","2016-11-27 23:52:37 UTC","research","CC-BY-NC",NA,NA,"false"
"Fraxinus velutina","2013-09-14 15:45:37 -0700","","",36.145881,-115.419323,"","velvet ash","http://www.inaturalist.org/observations/402260","https://static.inaturalist.org/photos/503680/medium.jpg?1379561443","faerthen",402260,"Velvet Ash","Plantae",64132,"true",1,0,"Sat Sep 14 2013 15:45:37 GMT-0700 (PDT)","2013-09-14","2013-09-14 22:45:37 UTC","Pacific Time (US & Canada)",10,NA,NA,"false",NA,"",NA,4918,"2013-09-19 02:37:31 UTC","2014-10-20 08:39:40 UTC","research","CC-BY-NC",NA,3,"false"
"Fraxinus velutina","2013-09-13 14:28:46 -0700","Tree of riparian areas, sometimes growing very large, often smaller and brushy.","Red Rock Canyon NCA, NV",36.12328,-115.485192,"","velvet ash","http://www.inaturalist.org/observations/397710","https://static.inaturalist.org/photos/497670/medium.jpg?1379191733","faerthen",397710,"Velvet Ash","Plantae",64132,"true",1,0,"Fri Sep 13 2013 14:28:46 GMT-0700 (PDT)","2013-09-13","2013-09-13 21:28:46 UTC","Pacific Time (US & Canada)",10,NA,NA,"false",NA,"",NA,4918,"2013-09-14 20:44:19 UTC","2014-10-20 08:27:14 UTC","research","CC-BY-NC",NA,3,"false"
